image_path,text_augment,gender,anchor_age,Alanine_Aminotransferase_(ALT),Anion_Gap,Asparate_Aminotransferase_(AST),Bicarbonate,Bilirubin_Total,Calcium_Total,Chloride,Creatinine,Glucose,H,I,Magnesium,Phosphate,Potassium,Sodium,Urea_Nitrogen,Hematocrit,Hemoglobin,INR(PT),MCH,MCHC,MCV,Platelet_Count,PT,PTT,RDW,Red_Blood_Cells,White_Blood_Cells,L,RDW-SD,label
C:\Users\Shreni\OneDrive\Desktop\B.Tech-Project\dataset-cxr\official_data_iccv_final\files\p10\p10000032\s50414267\02aa804e-bde0afdd-112c0b34-7bc16630-4e384014.jpg,"['Findings: There is no focus, pleural effusion or pneumothorax. Bilateral nickular turbidities, which probably represent nipple shadow. The cardiomediastinal silhouette is normal. Clips project across the left lung, possibly within the chest. The imaged upper belly is not conspicuous. Chronic deformation of the back left sixth and seventh ribs can be observed. Impression: No acute cardiopulmonary process.', 'Findings: Heart, mediastinal and hilar contures are normal. Pulmonary vessels are normal. Lungs are clear. There are no pleural or pneumothorax. Several clips can be seen projected over the left breast again. Even remote rib fractures on the left side are detected again.', 'Finds: single frontal view of the thorax provided. There is no focusing, effusion or pneumothorax. The cardiomediastinal silhouette is normal. Once again several clips are seen that project over the left breast and distant left rib fractures. No clear air under the right hemidiaphragm is seen. Impression: No acute intrathoracic process.', 'Results: The lung is free of focal consolidation, pleural effusion or pneumothorax. The heart size is normal. The median contours are normal. Project several surgical clips across the left chest, and take into account old left rib fractures. Impression: No acute cardiopulmonary process.']",0,52,115.57142857142856,11.22222222222222,179.53846153846155,25.38888888888889,1.65,8.5,97.04761904761904,0.4666666666666667,106.17647058823528,27.598999993975077,0.8639044073641314,2.027272727272728,3.1,5.1,128.7,30.38888888888889,37.5,12.807692307692308,1.623076923076923,34.738461538461536,34.146153846153844,101.76923076923076,112.23076923076924,17.53076923076923,33.4625,15.884615384615383,3.6907692307692304,5.815384615384615,11.061593808524938,49.62004735125374,1
C:\Users\Shreni\OneDrive\Desktop\B.Tech-Project\dataset-cxr\official_data_iccv_final\files\p10\p10001217\s52067803\a917c883-720a5bbf-02c84fc6-98ad00ac-c562ff80.jpg,"['Results: On the frontal view there is a slight left aelctase without clear correspondence on the side view. There is no final burn consolidation can be seen. There is no pleural effusion or pneumothorax. The aorta is slightly brittle. The cardiac silhouette is not enlarged. There is no open pulmonary oedema. Impression: Light left aelctase. Otherwise no acute cardiopulmonary process.', 'Findings: Compared to the previous radiograph there is evidence of an unchanged PICC line placed above the right upper extremity. The tip seems to project across the azygous vein, at the height of the upper SVC. No complications, especially no pneumothorax. Limit of cardiac silhouette. Moderate tortuosity of the thoracic aorta. Impression:']",0,55,13.666666666666666,13.545454545454543,18.33333333333333,26.63636363636364,0.2666666666666666,8.80909090909091,103.9090909090909,0.4916666666666667,96.36363636363636,139.0,0.0,2.09,3.3363636363636364,4.109090909090909,140.0909090909091,10.818181818181818,37.05384615384615,12.315384615384614,1.1,27.407692307692308,33.2,82.6923076923077,350.15384615384613,12.042857142857144,34.285714285714285,13.907692307692308,4.483846153846153,10.723076923076924,22.0,49.62004735125374,1
C:\Users\Shreni\OneDrive\Desktop\B.Tech-Project\dataset-cxr\official_data_iccv_final\files\p10\p10002428\s50027225\e8c44648-ff02beea-3d5ff638-dec79b01-7df71a69.jpg,"['Results: A single portable semi-erectal breast radiograph has been achieved. Few left and moderate stratifications of right pleural effusions have increased in size since the day before the test. The right centre lobe pnemonia on the latest CT is not clearly differentiated, but the right heart limit is concealed. Left basilary atelectasis is stable. There is no new focusing or pneumothorax. Hila remains undifferentiated. A left-sided PICC line tip remains in the upper SVC. Impression: Interval increase to large right and small left pleural effusions. Persistent right basilary pneumonia.', 'Results: Impression:', 'Findings: Compared to the study to ___, monitoring and support hardly changes. Major bilateral pleural effusions, more prominent on the right with bibasilar atelecitasis. Unusual configuration to collect opacifications at the left base increases the possibility of a few loculated fluids. Again, there is an increase of pulmonary venus pressure. Overlapping structures somewhat obscure visualization of the upper left zone and simulate the appearance of the cavitar. This area should be carefully reviewed on subsequent radiographs. Impression:', 'Results: Impression:', 'Results: Impression:', 'Results: Impression:', 'Results: Comparison with the preliminary study of ___ at 4:05 am. There is a Dobbhoff Tube with a distal tip within the middle to distalesophagus. This could be extended ___ to 20 cm for optimal placement. Cardial silhouette is within normal limits. There is bilateral pleura effusion, left side worse than right and a left retrocardial turbidity. No open pulmonary edema can be seen. Impression:', 'Results: Comparison with the previous case of ___. There is a Dobbhoff tube with a distal tip in the body of the stomach. There are bilateral pleural discharges. There is a right side pleural catheter. There are no pneumothoraxes or signs of open pulmonary oedema. Overall, these findings have been stable since the previous study out of ___. Impression:', 'Results: A single portable semi-erectal thorax x-ray graph is taken. There is no significant change in mean and lower pneumonia, better estimated at recent CT. There is no increased pulmonary oedema, new consolidation, or pneumothorax. Layering left pleural effusion has been slightly larger. Heart and mediastinal contours are unchanged. Impression: No significant change in the right center and lower pneumonia. Small increase in left pleural effusion.', 'Results: Frontal and lateral view of the breast have been performed. The lung volumes are low, which leads to vascular displacement. Nevertheless there seems to be bibasilar, to the right larger than left, nodular opacities and interstitial thickening. There is probably a small right pleural effusion. Heart size is normal. There is no pneumothorax. There are no suspicious ossate lesions. Several extended loops of the small intestine are present. Impression: 1. Bibasilar turbidities would be consistent with pneumonia and/or aspiration in the correct clinical context. Probably some components of pulmonary oedema in view of interstitial thickening. 2. Several diluted loops of the small intestine can represent ileus or obstruction. Dedicated abdominal radiograph can be performed for better characterization.', 'Results: The comparison takes place with an earlier study of ___. In the distal SVC is an endotracheal tube whose distal tip is 5.6 cm above the carina. On the left is the central line with distal lead tip. In the distal SVC there is a dosing tube as well as a nostril with tips and lateral connections below the GE connection. There are persistent bilateral pleural effusions and a left, retrocardial opacity. Impression:', 'Results: A bedside AP radiograph of the breast shows an interval-improvement of the mild pulmonary oedema compared to the most recent study from ___. A moderate right pleural effusion is stable and a small left pleural effusion has also decreased in size. Aside from persistent bibasilar atelectasi the lungs are clear. The hilaric and cardiomediastinal contours are normal. There is no pneumothorax. An endotracheal tube ends no less than 4.6 cm above the carina. A left PICC ends in the center of the SVC. A Dobbhoff tube stops in the stomach and a second enteral tube enters the stomach and runs underneath the field of vision. Impression: Compared to the recent study, there is an improvement in mild pulmonary oedema and a decrease in the small left pleural effusion.', ""Result: Impression: AP chest compared to ___ and ___, 17:05 o'clock: The enteric tube is in the distal stomach and from the point of view. Feeding pipe ends in the upper stomach. ET tube is in the standard placement. Moderate right and smaller left pleural effusion are unchanged. Heart size is normal size. Apart from accompanying Basalatelectasis, lungs are clear. There is no pneumothorax. Right PIC line ends in the right axilla."", 'Findings: The heart is normal in size. The mediastinal and light contours appear unchanged. The lungs are hyperinfected. There is no indication of pleural effusion or pneumothorax. The lungs appear clear. Mild exaggerated kyphotic curvature and suspected demineralization are noted. Impression: Hyperinflation. No evidence of an acute disease.', 'Finds: Impression: 1. Endotracheal tube has been withdrawn, is now about 5 cm from the Karina. 2. Unchanged position of the orogastric tube with tip at the gastroesophageal intersection and side connection in the distal esophagus. This should be advanced for proper positioning. 3. Bilateral pleural casts, medium to large on the right and small on the left with bibasilar electase.', 'Findings: Compared to the study of ___, bibasilary opazification has been attenuated bilaterally. The time course suggests that a large part of this appearance has reflected an improved pulmonary oedema. Nevertheless, there remains a more pronounced concealment of the lung vessels on the right side, which corresponds to a sustained increase in pulmonary venous pressure. Harmful opazification on the right side points to pleural fluid. In the appropriate clinical setting a supervening pneumonia should certainly be considered. Loss of medial aspect of the left hemidiaphragm indicates a certain loss of volume in the retrocardiac area of the lower lobe. Impression:', 'Findings: The distal tip of the dobbhoff is now found in the pool of the stomach. This could be advanced for a better placement additional 5cm. There is unchanged bilateral pleural effusion, on the left larger than right. A pleural catheter can be seen at the right base. No pneumothoraxes are identified. Impression:', 'Find: recommended intrathoracic malignancy or infection. Heart size is normal, hilarious and peripheral pulmonary vascularity are also normal. If there is a clinical justification except for a small lung node, then I would recommend breast CT scanning. Impression: PA and lateral breast compared to __: Lung are hyperinflated due to respiratory obstruction or emphysema. If there is a focal consolidation, it is in the right center of the lung in the region of the right nipple. Large areas of the lung are concealed by costly cartilage. On the lateral view, with the exception of a calcified granuloma inseparable from a heavily calcified mitral annulus, the lungs are clearly apart from what may be a small area of the severe bronchial wall thickening in the right midlobe. There is no pulmonary oedema. Right pleural effusion is tiny compared to large pleural effusions seen at different times on previous breast radiographs.', 'Finds: Compared to previous radiographs, the monitoring and support equipment is constant. Continuous extent and distribution of the known left pleural effusion with slight to moderate retrocardial and basal atelectasie. Right the pleural effusion is unchanged and there is no evidence of a larger pleural effusion. No pneumothorax. Unchanged heart size. Impression:', 'Findings: PA and lateral thoracic radiographs show severe hyperinflation and diffuse bronchiectasia again. No ophthalmological consolidation, pleural effusion or pneumothorax. Cardiomediastinal silhouette is stable. Impression: No acute cardiopulmonary process. Results were transmitted to Dr. ___.', 'Notes: A single portable view of the chest is compared with the previous test of ___. Enteric tube is seen with the tip of the lower field of view. To the left is PICC; however, the tip is not clearly demarcated. Persistent bibasilare effusions and a right pigtail catheter that projects over the lower chest. Right apical pneumothorax is possible. The lungs are assigned free from consolidation. Cardioid silhouette is within normal limits. Osseous and soft tissue structures are not remarkable. Impression: No significant interval change in bilateral pleural casts with right pigtail catheter in the lower chest. Possible small right apical pneumothorax.', 'Finds: In the right atrium, a right ear cup ends. In the right foot there is a right pleura discharge. In the right foot area, a small right effusion and a small left effusion function are displayed. Cardiocontours are unchanged. There is no consolidation, no pneumothorax or nodules. The left PICC line tip ends in the left Brachiocephalus vein. Impression: Unchanged appearance of small bilateral effusion status after the extubation.', 'Results: Impression:', 'Finds: Comparison with the previous study of ___. The right central vein line of the IJ has been removed. It is again a large amount of loccalized pleural fluid on the left chest, which has become bigger since the previous study. Pigtail catheter is seen in the right lower lobe. Cardial silhouette is the upper limit of the normal. It is slight prominence of the pulmonary markings without open pulmonary oedema. Impression:', 'Findings: Impression: AP-Trust compared to ___: Moderate to large left pleural ewes have both increased in size. The upper lungs are clear. The hearts are covered by the ewes but not much enlarged. No free subdiaphragmatic gas. Left PIC line ends in the left brachiocephal vein.', 'Results: Impression: Great right and moderate left pleural casts as above.', 'The heart has a normal size with normal cardiomediastinal contours. The right hemithorax dismantles increased opacity, compatible with a medium- to large-format layered pleural effusion. In addition, there is a small left pleural effusion. Under the diaphragm, no pneumothorax can be seen. A right PICC line ends in the axilla. Endotracheal tube ends 1.8 cm above the carina. A Dobbhoff feeding tube and a stomach tube finish below the diaphragma. The side hole of the stomach tube is located in the distal oesophagus. Impression: 1. Bilateral pleural effusion, right bigger than left. Consistent consolidation cannot be completely excluded. 2. Endotracheal tube ends 1.8 cm above the carina. Recommend a repositioning. 3. NG tube ends in the stomach with side hole in distal oesophagus. 3. Right PICC ends in the axilla.', 'Results: Impression:']",0,80,41.09090909090909,11.391304347826088,57.90909090909091,28.797101449275363,0.2416666666666666,8.29795918367347,99.7837837837838,0.598529411764706,108.4,17.0,1.0,2.139622641509434,2.9479166666666665,4.22972972972973,135.52702702702703,19.514705882352946,30.111290322580647,9.666666666666666,1.0818181818181818,30.79824561403509,31.782456140350877,97.01754385964912,260.4035087719298,11.7,32.67727272727273,14.696491228070176,3.135263157894737,10.873684210526315,7.0,47.85,0
C:\Users\Shreni\OneDrive\Desktop\B.Tech-Project\dataset-cxr\official_data_iccv_final\files\p10\p10002930\s55885481\84c6ecc4-fd81e31d-1e879d18-13024211-35de54ad.jpg,"['Finds: Upright and lateral sight AP were provided the chest. Mild left basal atelectasis. Lung are otherwise clear. No signs of pneumonia or oedema. No large effusion or pneumothorax. Cardiomediastinal silhouette is normal. Bony structures are intact. No free air under the right hemidiophragm. Impression: 1. Mild left basal atelectasis. Otherwise not noteworthy. 2. No particular shifted rib fracture though, if there are further concerns can be carried out dedicated rib series to assess further.']",0,48,36.80952380952381,13.48,72.19047619047619,24.28,0.6411764705882353,8.6,103.74074074074076,0.6689655172413793,89.95454545454545,60.333333333333336,1.1666666666666667,1.7142857142857142,3.5,3.939285714285714,139.0,14.93103448275862,31.58148148148148,9.737037037037036,1.0,27.76666666666667,30.866666666666667,89.5925925925926,172.14814814814815,11.3,36.7,17.2,3.547037037037037,3.025925925925926,11.416666666666666,57.1,0
C:\Users\Shreni\OneDrive\Desktop\B.Tech-Project\dataset-cxr\official_data_iccv_final\files\p10\p10003400\s50100991\c1981851-eee51654-80b71d01-2ee65952-4c70c720.jpg,"['Findings: Impression: Since a current radiograph from the same time, a right-hand thoracic agent with the development of a right-hand pneumothorax with small apical and moderate basiliar components was performed. In the interval a right-hand thoracic agent was inserted. A moderate left pleural effusion exists with adjacent slightly improved enrichment at the left lung base. No further relevant changes.', 'Findings: Impression: Large left pleural effusion has not changed over several days. Small to moderate residual right pleural effusion is also stable despite the right thoracostomia. Tiny right-apical pneumothorax dissolves. Moderate enlargement of cardiac silhouette is stable, but pulmonary oedema, if present is mild. Persistent bibasilare atelectasis is significant, left larger than right. Feeding tube is looped many times in the upper left quadrant, but it could be entirely in the stomach. Right subklavian central venine fusion catheter ends in the upper right atrium. Left PIC line ends in the center SVC.', 'Findings: Impression: Support lines and tubes are unchanged in their position. Heart size is prominent, but stable. There are bilateral pleural castings that are stable in size.', 'Findings: Impression: Compared to the previous radiograph 1 day before, a right chest tube remains in place, with a persistent small apical pneumothorax on the right. Prior to existing moderate right basilar pneumothorax component is now a hydropneumothorax. No further relevant changes since recent study.', 'Results: Impression: Compared to the previous evaluation of ___, large right pleural effusion and small left pleural effusion are probably similar if the position differences between the studies are taken into account. Cardiomegaly is accompanied by pulmonary vascular overloads and worsening of the oedema. No further relevant changes.', 'Findings: In the intermediate state the hitherto seen enteric tube has been removed. A new enteric tube with a weighted tip project over the stomach. A right central venous catheter remains unchanged in position. A right ureteralstem is shown incompletely. The rest of the study is not optimized for the assessment of the chest and abdomen. Impression: Dobhoff tube ends in the stomach.', 'Results: were discussed by Dr. ___ with ___ at ___ at 6:13 pm, 2 minutes after the discovery of the findings. WET READ VERSION #1 ____ ___ 18:15 left-wing PICC remains unchanged in brachiocephalic from the previous study. Right-hand subclavian line ends in the right atrium. Nasogastric tube ends in the distal oesophagus. The results were discussed by Dr. ______________________________________________________________________________________________________________________________________________________________________________________________________________________________________________________________________________________________________________________________________________________________________________________________________________________', 'Findings: Impression: Compared to ___, the patient received a new nasal tube. The tube is located in the middle parts of the stomach. The previous over-inflation of the stomach is no longer present. The lung volumes remain low. Moderate cardiomegaly. Moderate bilateral ranges of atelectase and mild to moderate right pleural effusion.', 'On film 3, the tip of the Dobbhoff catheter projects over the proximal parts of the stomach. The movement of the device is unnoticed. No complications. Unchanged appearance of the lung parenchyme, pleura and heart.', 'Findings: Compared to the previous radiograph, there is a slight deterioration of the pulmonary vessel clogging. No parenchymal opacities can be found. Medium cardiomegaly is very stable, as is the medial and hilaric contours. There is no pleural effusion or pneumothorax. Port-A-Cath catheter on the right ends in the right atrium. Impression: Slight deterioration of the slight pulmonary vessel compaction within the framework of a stable moderate cardiomegaly. No evidence of pneumonia.', 'Results: could in fact represent a combination of low lung volumes and mild pulmonary oedema. Impression: ET-pipe tip lies 4.7 cm above the carinal. NG-pipe tip is 2 proximal, at the gastrointestinal intersection and should be advanced. Right internal jugular line tip is in the right atrium. The cardiomediastinal silhouette is significantly increased due to the very low lung volumes with bibasal consolidations. Nodular opacity in the right lower lobe is not seen well during the previous examination, the shade might be summed up and should be checked for subsequent imaging. The results could indeed be a combination of low lung volumes and mild pulmonary oedema.', 'Results: Impression: Comparison with ___. No relevant change. Monitoring and support devices are constant. Constant position of the right chest tube. Millimetric right pneumothorax. Moderately unchanged left pleural effusion with subsequent Basilaratelectasia. Moderate Cardioomegaly persists.', 'Finds: Impression: Bilateral pleural effusions have increased. Pleural fluid obscures most of the lungs on the left, but the pronounced atelectase is wearable. The heart is at least moderately enlarged. Dilated mediastinal veins indicate increased central venous pressure or volume or both. Right jugular line ends in the right atrium. Nasogastric effluent tube ends in the upper stomach. No pneumothorax.', 'Findings: Right-port-A-kath peak ends in proximal right atrium, unchanged. Heart size is normal. Medium and hilarious contours are unobtrusive. Lung vascularity is normal. Lunges are basically clear with minimal subsegmental atelectasis in the left lung base. Not to be seen as pleural effusions or pneumothorax. There are no acute nose abnormalities. Impression: No acute cardiopulmonary abnormalities.', 'Findings: Compared to the thorax X-rays, which were given a day before, there was a considerable lengthening of the interval in large, right larger than left, bilateral pleural effusions. Inflated lung parenchyma seems very clear, however, due to the considerable pleural effusions is only incompletely evaluated. With the chin bending the ET tube lies 1 cm above the Karina. A Dobhoff tube is unchanged in position and ends in the middle stomach. A right-hand passage is unchanged. Impression: Significantly elevated, large, bilateral pleural effusions.', 'Results: Impression: The nasogastra tube is wrapped in the stomach, with the tip near the fundus. On the upper left extremity PICC ends in the distal SVC. On the right subclavian central venous line ends in the right atrium, unchanged.', 'Results: Compared to the previous four days radiograph received in the chest, an ET tube has been placed in the interval ending 3 cm above the platinum. Moderate right pleural effusion is probably unchanged taking into account changes in the positioning of the patient. Increased, small left pleural effusion. Substantial bibasilare atelectasis. Moderate cardiomegaly with mild, unchanged pulmonary oedema. An enteric tube ends at the expected point of the stomach body. A right-hand port/central venous catheter ends in the right atrium. Impression: ET tube is appropriately positioned. Moderate right and elevated, small left pleural effusion. Light, unchanged pulmonary oedema.', 'Remarks: Impression: The Dobbhoff-tube tip is located in the stomach. The right ventricle line is at the level of the right atrium. No change in the case of large bilateral pleural ulcers and vascular constipations. The left PICC-line tip is located at the height of the lower SVC.', 'Impression: Comparison with ___. All information about the monitoring and support, including the right chest tube, are in unchanged position. The right lung apex is still hyperlucent, but the pneumothorax indicative pleural line is no longer visualized. Unchanged extent of the pre-existing moderate left pleural effusion, followed by left-dominant atelectase. Unchanged moderate cardiomegaly.', 'Findings: Port-A-Cath tip on the right ends in the proximal right atrium. A moderate enlargement of the cardiac silhouette remains unchanged. The mediastinal and hilaric contours are similar. Lung vessels are normal. The lungs are clear. No focussing, pleural effusion or pneumothorax is shown. Partially pictured is a pigtail catheter overlaid the upper right quadrant of the abdomen. No acute oss like abnormalities are detected.', 'Findings: Impression: Support lines and tubes are unchanged in position. Cardiomegaly is unchanged, there are bilateral vibrations, on the left larger than on the right. There is a persistent left retrocardiac opacity. There is a persistent small apical pneumothorax on the right, unchanged.', 'Findings: A breast tube in a similar position. Interval decrease of the now small right pleural effusion. At the small gap along and at the right lower abdominal opening is still liquid. Moderate to large left pleural effusion and significant clouding of the left lung are unchanged. Feed tube has been removed. Nasogastric tube is wound in the stomach area. Impression: Interval decrease in the right side. Stable appearance of the left lung.', 'Discoveries: Impression: Port-A-Cath catheter tip lies at the height of the right ventricular effluent tract. The double tube has been removed. There is considerable extension of the stomach that may possibly benefit from the NG tube inlay. What seems to be an E-ureteral stent is partially pictured. Bilateral pleural effusion, on the right more than left are present. Vascular constipation is noted Borderline with mild interstitial pulmonary oedema.', 'Results: were given with Dr. ___________________________________________________________________________________________________', 'Results: Impression: ET tube tip is 4.3 cm above the Karinal. Double tube tip is in the stomach. Port-A-Cath tip on the proximal right atrium, unchanged In large bilateral pleural effusions and perihilar opacities nothing changes. No noticeable pneumothorax.', 'Findings: Impression: Comparison with ___, 11:35. At the distance the effusion on the left side has increased moderately. On the right side, a new breast tube further removes the already existing right pleural effusion. There is no indication for the presence of a pneumothorax. Moderate cardio-megaly. Unchanged monitoring and support devices.', 'Finds: A port-a-cath will end again in the right atrium. Heart, mediastinal and hilaric contours are stable, including gentle cardiomegaly and mild development of thoracic aorta. There is no pleural effusion or pneumothorax. The lungs seem clear. Impression: No signs of acute cardiopulmonary disease.', 'Findings: Impression: Moderate, unchanged cardiomegaly. No oedema.']",0,72,16.714285714285715,12.89423076923077,39.47619047619048,24.26923076923077,2.0545454545454547,8.016666666666667,104.71296296296296,1.0533333333333332,113.03061224489797,27.598999993975077,0.8639044073641314,1.9742268041237117,2.693877551020408,3.825,137.92592592592592,21.99047619047619,25.726666666666667,8.607826086956521,2.4631578947368418,30.17767857142857,33.551785714285714,90.03571428571429,109.26315789473684,26.871052631578948,39.53943661971831,17.304464285714285,2.862142857142857,5.4875,11.061593808524938,51.95217391304348,0
C:\Users\Shreni\OneDrive\Desktop\B.Tech-Project\dataset-cxr\official_data_iccv_final\files\p10\p10004235\s52379321\3813b9b6-88d998b4-941e767b-601ba7c1-98f61102.jpg,"['Findings: An ET tube is seen projecting with distal tip 6 cm above the Karina in appropriate position. An advanced mediastinal tube is seen inferior coursing, with distal tip projecting across the expected position of the gastric fundus. There is low lung volume. An extended mediastinal can reflect low lung volume and supine positioning. Lung vascular enorgements and diffuse airspace turbidities probably refer to pulmonary vascular congestion and mild pulmonary oedema within the context of volume resuscitation. Linear opacities in the bilateral lower lungs are likely to represent bibasilare atelectasis. There are no pneumothorax or pleural effusion. Impression: 1. Width mediastinal can reflect low pulmonary volume and supine positioning, but mediastinal major vascular lesions cannot be ruled out. If there is concern, breast CTA. 2. Lung vascular congestion and probably mild pulmonary oedema. 3. Bibasilare atelectasis. 4. ET tube caric with tip over 6 cm.', 'Findings: Impression: Compared to the earlier investigation of today, a left IJ catheter was placed on the middle to bottom part of the SVC. Right IJ catheter extends to the upper part of the SVC. There is no evidence of pneumothorax or other changes.', 'Results: The lines and tubes are roughly unchanged. The NG cannot be tracked through the lowest mediastinum due to underpetration. The cardiomediastinal silhouette is unchanged. Extensive interstitial and alveolar turbidity use in both lungs appear more confluent. Small inheritances are difficult to exclude. No pneumothorax proved. Impression: Progression of bilateral turbidity, now more confluent, particularly on the left side. The development of the alveolaroedema. In the corresponding clinical setting the underlying infectious infiltrate would be difficult to exclude.', 'Results: Impression: Compared to ___ radiograph, cardiomediastinal contours are stable. Worsening bibasilar turbidities favor atelectases compared to infectious pneumonia. Probably very small pleural effusions bilaterally.', 'Results: The endotracheal tube is high, about 7 cm from the Karina. An enteric tube runs under the diaphragm mussel with the tip from the field of view. The lung volumes are low. Bibasilare Atelotsis is unchanged. Since the preliminary investigation there has been a slight aggravation of vascular overload and a slight pulmonary oedema. There is no opacity to suggest a pneumothorax pneumonia. No pleural effusion or pneumothorax is identified. Broadening of the medial contours is unchanged, and likely due to medial fat, as seen on the previous CT. The heart appears slightly larger. Impression: 1. Easy interval deterioration of vascular overload and a mild pulmonary oedema. Moreover, the heart appears somewhat larger. 2. High position of the endotracheal tube, 7 cm from the carina.', 'Findings: Impression: Compared to the exam of ___, the monitoring and support devices are essentially unchanged. The patient has found a slightly better inspiration, however, the cardiac silhouette is magnified by bibasilar turbidities.', 'Finds: Compared to the previous study, the right IJ line may have been replaced. In the proximal SVC is the tip. The ET tube, left IJ line and NG type tube are unchanged. No Pneumothorax is detected. In the right perihilar region there is a new subtle confluenced opacity. Otherwise, I doubt that a significant interval change will take place. The prominent cardiomediastinal silhouette is unchanged. The redistribution in the upper zone and the diffuse vascular blurring are similar to the previous film, allowing for technology. A higher retrocardial density with air bronchograms is also unchanged. No gross fusion. Impression: Subtile new conflicted opacity in the right perihilar region? related to a subtle progression of CHF results. Otherwise, I doubt a significant interval change.', 'Results: Impression: Compared to ___ Radiograph, the patient was extubated. Cardiological contours are stable, and pulmonary vascular constipation persists. Interval improved ventilation in the left centre and lower lungs, but slight deterioration of the right juxta-hilar- and basilar opacities.']",1,47,76.61904761904762,18.97142857142857,73.95238095238095,18.65714285714286,2.304761904761905,8.214705882352941,102.54285714285714,2.8432432432432435,153.47058823529412,27.598999993975077,0.8639044073641314,2.109090909090909,3.815151515151515,3.8028571428571434,136.37142857142857,45.66666666666666,33.003125,10.91875,1.1904761904761905,27.6125,33.08125,83.59375,136.27272727272728,13.023809523809524,28.438888888888886,16.359375,3.9503125,14.05625,11.061593808524938,44.971428571428575,1
C:\Users\Shreni\OneDrive\Desktop\B.Tech-Project\dataset-cxr\official_data_iccv_final\files\p10\p10004457\s55439624\a3eabe82-0debb47b-bb826366-f4897953-799e5aae.jpg,"['Findings: Compared to the previous radiograph, all surveillance and support devices were removed. Bilateral pleural effusion of mild-to-modern dimensions persist. Its dimensions are better visualised on the side than on the front image. No pneumothorax. Normal postoperative alignment of the breast wires. Normal size of the cardiac silhouette. Mild retrocardial breath eta. No pneumothorax. Impression:']",1,65,22.75,12.428571428571429,20.75,27.785714285714285,0.3,8.266666666666667,102.9375,0.9375,105.58333333333331,27.285714285714285,1.0,2.28,3.4333333333333336,4.5875,139.375,19.6875,34.55,11.55,1.04,31.82,32.50666666666667,97.93333333333334,219.625,11.22,30.33333333333333,14.153333333333334,3.612,7.486666666666666,11.714285714285714,57.05,1
C:\Users\Shreni\OneDrive\Desktop\B.Tech-Project\dataset-cxr\official_data_iccv_final\files\p10\p10004720\s59238247\53a0e91c-79580b39-f184232b-f105311f-eb2e51d2.jpg,"['Results: Scoliosis of the thorax spine and consistent asymmetry in the ribs. The compression fracture in the thorax vertebral body is stable. Normal size of the heart silhouette. Normal HIlar and mediastinal structures. , no pulmonary edema. No pleural effusion. No pneumonia Impression: Chronic scoliosis and stable compression fracture of a thorax vertebra. Otherwise normal chest arrester. No evidence of pneumonia.']",1,61,9.4,13.444444444444445,35.0,24.666666666666668,0.3399999999999999,8.626666666666667,97.27777777777776,0.3055555555555556,124.58333333333331,10.0,0.3333333333333333,2.109090909090909,3.369230769230769,4.138888888888889,134.16666666666666,11.61111111111111,34.714285714285715,11.364285714285714,1.65,29.935714285714287,32.67142857142857,91.78571428571428,389.8571428571428,18.05,53.91,14.978571428571428,3.782857142857143,11.792857142857144,6.4,50.4,1
C:\Users\Shreni\OneDrive\Desktop\B.Tech-Project\dataset-cxr\official_data_iccv_final\files\p10\p10005866\s55665483\4341f985-0ec85dbe-4c0b9e32-94316c48-e8675ead.jpg,"['Results: Compared to the previous study, a right-sided pleural effusion is new with right-based atelectasis. However, lung oedema has improved. Also, the previous retrocardial consolidation dissolves, suggesting a clarification of a mucus plug. Mild cardiomegaly remains unchanged. No pneumothorax. Interval removal of the NG tube. Impression: Improved pulmonary oedema, with an improvement of a previous retrocardial consolidation, suggesting an explanation of a previous mucus plug.', 'Results: Endotracheal tube tip is a bit low and ends around 2.3 cm from the carina. Two enteric tube tips end up in the stomach. The heart size is enlarged cross-border. Mediastinal and Hilar contours are similar. There is mild upper zone vascular redistribution that suggests slight pulmonary vascular compaction. In addition, there is a persistently small right pleural effusion with adjacent right basil opacity that can reflect atelectasia. Left lung is rough clear, however the left Costaphrenic angle is excluded from the field of view. No large pneumothorax can be seen. There are no acute ossetous abnormalities. Impression: 1. Endotracheal tube tip slightly low lying about 2.3 cm from the carina. 2. 2 enteric tube tips in the stomach. 3. Persistent small right pleural effusion with floppy right basilopazity, possibly atelectasia. 4. Mild pulmonal vessel presence. 5.', 'Results: Impression: No comparison. Marginal size of the heart silhouette. No pleural excitation. Mild fluid overload, but no open pulmonary oedema. Minimum increase in radiodensity at the bases of the right medial lungs. The change should be monitored radiographically within 24 hours, in order to prevent the formation of pneumonia.', 'Findings: Impression: Compared to ___. In the interval, the patient was extubated and 1 of the 2 lining tubes removed. Stable size of the cardiac silhouette. Mild fluid overload. Minimal right pleural effusion. New left lobe retrocardial atelectasis. No pneumothorax.']",1,57,17.06153846153846,10.79746835443038,52.2,23.303797468354432,2.487692307692308,7.515277777777778,101.8625,0.5949367088607594,105.62820512820512,16.75,2.734375,1.7821917808219176,2.95,4.075308641975309,134.725,11.21518987341772,31.925925925925927,10.45875,1.6160714285714286,34.0925,32.775,104.0625,144.7625,17.639285714285716,47.39148936170213,16.1275,3.064625,7.7375,8.203125,61.01733333333333,1
C:\Users\Shreni\OneDrive\Desktop\B.Tech-Project\dataset-cxr\official_data_iccv_final\files\p10\p10007058\s54462409\f7bfbcef-b2b6af1e-9eb38616-64c59906-f36289e8.jpg,"['Results: Impression: Lungs are completely extended and clear. Cardiomediastinals and hilly silhouettes and pleural surfaces are normal.', 'Finds: Impression: Lung are quite broad and clear. Cardiomediastinal and urinal silhouettes and pleural surfaces are normal.']",1,48,88.81019861854519,14.166666666666666,125.09200924137008,25.0,1.1017386294239206,9.0,103.5,0.9,102.5,27.598999993975077,0.8639044073641314,1.92,3.9,3.8666666666666663,138.66666666666666,12.0,38.14,12.38,1.1285714285714286,28.82,32.46,89.0,199.4,12.242857142857144,46.45,12.98,4.294,9.02,11.061593808524938,41.94,1
C:\Users\Shreni\OneDrive\Desktop\B.Tech-Project\dataset-cxr\official_data_iccv_final\files\p10\p10007795\s54054513\8ae912e7-dd9b9e8c-783e82c3-eee10e45-c8c7ba33.jpg,"['Results: Comparison with the previous study of ___. The heart size is enlarged but stable. At the proximal SVC there is a right-side PICC line with lead tip. There is a lasting left retrocardial opacity and right basilarity which appear stable. There is an improvement of the pulmonary oedema. Left side pleural effusion that is unchanged. Impression:', 'Result: A portable chest radiograph is provided. A nasogastral tube leads under the diaphragm and ends in the stomach. A right PICC ends at the middle SVC. Recognized is plate-like atelectasis on the right base. Retrocardial and left basilaria is similar to the previous x-rays and can represent a combination of pleural effusion and atelectasis. The heart remains enlarged. There is no Pneumothorax. The shown upper belly is inconspicuous. The bones are intact. Impression: 1. Nasogastric tube below the diaphragm, in the stomach. 2. Persistent right basilary and retrocardial atelectasis with possible left pleural effusion.', 'Remarks: Recognized is a right PICC line with tip that ends in the middle of the SVC. Cardiomediastinal and hilare contours are stable. There is an improvement of the left Basilar opacity. A small left pleural effusion persists. There is no right pleural effusion. There is no pneumothorax. There is a new right Basilar opacity available, probably atelectasia, although pneumonia cannot be ruled out. Impression: New right Basilar opacity that can represent pneumonia in the correct clinical setting. Improvement in the left Basilar opacity, with persistent small left Pleural effusion.', 'Results: Impression: Bilateral plates-like atelectasis, as above.', 'Finds: A right-side PICC ends in the low SVC, unchanged from the preliminary examination. An upper enteric tube goes through the stomach and into the duodenum from the point of view. Cardiomediastinal silhouette and hilaric contours are unnoticed. Disc-like atelectasis in the right middle lobe and Lingula is unchanged compared to the preliminary examination. Pleural surfaces are clear without effusion or pneumothorax. Impression: No acute cardiovascular disorder.', 'Findings: Impression: AP view of the torso centered at the diaphragm: Catheter loops projecting over the midline abdomen cannot be traced back for the patient. It should be required whether conventional x-rays or CT imaging when this becomes necessary. Moderately severe basilary acetates have worsened in both lungs. The upper lung is clear.The heart size is normal.There is no manifest pneumothorax.', 'Results: Impression:', 'Findings: There is a comparison with an earlier study of ___. There is no change in cardiomegaly. There is a right midline with the distal lead tip in the middle SVC. There is a deterioration of the left retrocardial turbidity and atelektase at the lung bases. There are moderate pulmonary oedema, which is stable. Impression:']",0,53,19.8,14.071428571428571,16.4,25.607142857142858,0.2,8.496153846153847,102.17857142857144,0.55,131.82142857142858,27.598999993975077,0.8639044073641314,1.765384615384615,3.730769230769231,3.914285714285714,137.85714285714286,10.75,27.556410256410256,8.797222222222222,1.44,27.23333333333333,31.44166666666667,86.58333333333333,385.1666666666667,15.59,27.54,15.077777777777776,3.220833333333333,14.655555555555557,11.061593808524938,49.62004735125374,0
C:\Users\Shreni\OneDrive\Desktop\B.Tech-Project\dataset-cxr\official_data_iccv_final\files\p10\p10007928\s54272065\5e8c440b-a194c578-461921ce-35871c9c-0ca6e8d6.jpg,"['Findings: The pulmonary apse are not pictured. NG tube ends up in gastric antagonism in appropriate position. The lungs are clear, the cardiomediastinal silhouette and Hila are normal. There is no pleural effusion and no pneumothorax. Partially visualized abdomen shows normal intestinal gas pattern. Impression: Matching placed NG tube.', ""Results: Impression: AP breast compared to ___: Moderate pulmonary oedema has improved. Due to differences in patient position, I can't say whether the question of right juxtahelar consolidation also dissolves. Moderate bilateral pleural effusion is stable. Cardiac size normal. No pneumothorax."", 'Results: Impression: AP-Brust compared ___, 10:08 p.m.: Lungs are essentially clear, heart size is normal and there are no pleural abnormalities.', ""Findings: Compared to the previous radiograph, the extent and severity of the multifocal pneumonia increases massively. The resulting very widespread parenchymal opacities are more extensive on the right and left side and show several air bronchograms. In addition, retrocardial atelectasis has reappeared, and there is a small right pleural effusion. The opacities are better depicted on the CTA examination, which was performed yesterday at 21.41 o'clock. Moderate cardiomegaly. At the time of observation and dictation, 8:40 o'clock, on ___ the treating doctor, ___. ___, was called for notification and the findings were discussed on the telephone. Impression:""]",0,59,44.0,13.142857142857142,46.16666666666666,24.428571428571427,0.45,7.525,99.71428571428572,0.6,180.16666666666663,27.598999993975077,0.8639044073641314,2.069230769230769,2.191666666666667,3.607142857142857,133.64285714285714,10.916666666666666,34.989999999999995,11.64,1.28,30.380000000000003,33.34,91.2,193.8,13.88,26.82,12.42,3.834000000000001,11.2,11.061593808524938,49.62004735125374,1
C:\Users\Shreni\OneDrive\Desktop\B.Tech-Project\dataset-cxr\official_data_iccv_final\files\p10\p10009049\s54394630\fc08b4f9-a67dd3a8-8bc68820-858e5989-bb651ebd.jpg,"['Findings: Mild to moderate cardiomegaly is stable from the previous examination. There is a small to moderate left pleural effusion reduced by the previous examination at 08:37. There was an interval reduction of adjacent left basal atelectasis. The right lung is clear. No indication of pneumothorax. Marks thoracolumbar dextroscoliosis is unchanged. Impression: Mild to moderate left pleural effusion has decreased in size from the previous examination as has adjacent left basal atelectasis. No indication of pneumothorax.', 'Results: Impression: AP breast compared to ___: Big compression in both lower lungs developed between ___, probably severe pneumonia or pulmonary haemorrhage. Aspiration is most likely scenario. Mild-moderate cardiomegaly unchanged. Lung vascular overload is probably a function of volume reanimation. Small left pleural effusion is larger, small right pleural effusion, suspected. No pneumothorax.', 'Statements: would be consistent with aspiration or pneumonia. The heart remains enlarged. No pulmonary oedema. Probable small layer of left effusion. No sign of pneumothorax. Marked thoracolumbal curvature. Impression: In the lower left lower bobbins and to a little lesser extent on the right lung base is a persistent turbidity. These findings would coincide with aspiration or pneumonia. The heart remains enlarged. No pulmonary oedema. Probably small layer of left effusion. No sign of pneumothorax. Marked thoracolumbar curvature.', 'Findings: mild-to-moderate cardiomegaly is stable compared to tests in ___. Moderate left pleural effusion with adjacent compressive atelectasis has increased in size compared to the newer previous test from ___. Opacities at the right lung base have improved. There is no new focal opacity for pneumothorax. There is no evidence of a pneumothorax. Marked thoracolumbardextroscoliosis is persistent. Impression: 1. Interval increase in moderate left pleural effusion compared to the last previous test from ___. 2. Interval improvement in right lung base opacities. No new consolidations regarding pneumonia identified.', 'Findings: PA and lateral breast images. There have been interval developments of bibasilary turbidities that relate to fast developing pneumonia compared to alveolar bleeding. There appears to be a small left pleural effusion. There is no right pleural effusion or pneumothorax. The cardiomediastinal silhouette is not remarkable. Impression: Short interval development of bibasilary turbidities that refer to a fast developing pneumonia compared to alveolar haemorrhage.']",1,56,20.0,13.857142857142858,24.0,24.428571428571427,0.6,7.44,105.28571428571428,1.1714285714285713,103.0,27.598999993975077,0.8639044073641314,1.95,1.9,3.542857142857143,140.0,18.857142857142858,36.22857142857143,12.271428571428572,1.35,31.25714285714286,33.91428571428572,92.14285714285714,190.7142857142857,14.5,33.15,12.471428571428572,3.924285714285714,10.185714285714283,11.061593808524938,49.62004735125374,0
C:\Users\Shreni\OneDrive\Desktop\B.Tech-Project\dataset-cxr\official_data_iccv_final\files\p10\p10010471\s51674194\208b89cf-9a77e18e-869881b3-355e39d4-d3e179e9.jpg,"['Results: Small to moderate bilateral pleural effusion with subjacent atelectasis as well as pulmonary vascular emulsifier and slightly interstitial septal thickening. The right infrahilar opacity is unchanged. There is an enlargement of the heart silhouette, unchanged. Calcification of the aortic arch is available. Impression: Findings are suggestive of a pulmonary oedema. Persistent right infrahilar opacity.', 'Results: There are moderate bilateral pleural effusions with superimposed atelectasis. The cardiac silhouette is slightly to moderately enlarged. Prominence of the bilateral central lung vasculature concerned with pulmonary oedema. Rightly infrahilar opacity can be caused by the combination of pleural effusion and atelectasis, but underlying consolidation or other pulmonary lesion is not excluded. Recommended follow-up chest imaging after acute episodes/diuresis. The aorta is calcified. Impression: Moderate bilateral pleural effusion with superimposed atelectasis. Pulmonary oedema. Cardiomagaly. Constellation of findings recommends CHF. Rightly infrahilar opacity can be secondary according to the above-mentioned findings, but underlying consolidation or other lung lesions are not excluded. Recommended follow-up breast imaging after acute episode/diuresis.']",0,89,65.0,20.09090909090909,201.0,26.454545454545453,0.375,8.34,94.54545454545456,6.109090909090909,129.27272727272728,8.4375,0.3125,2.25,6.590000000000001,5.033333333333333,136.1818181818182,48.81818181818182,31.346153846153847,9.5,1.2583333333333333,32.04615384615385,30.307692307692307,105.76923076923076,136.53846153846155,13.583333333333334,54.86470588235294,13.923076923076923,2.965384615384615,11.438461538461535,5.0,53.8,1
C:\Users\Shreni\OneDrive\Desktop\B.Tech-Project\dataset-cxr\official_data_iccv_final\files\p10\p10010867\s51163513\f1feea47-079b1d03-6e384afb-372859ed-69790e3e.jpg,"['Results: Impression: Compared to ___. raised lung volumes probably reflect improved respiration. Border of the heart. No pneumonia, no pulmonary oedema, no pleural effusions.', 'Impression: 1st interval removal of the endotracheal tube 2. NG-pipe and right PICC-pipe in a suitable position under the diaphragm with the tip and the lateral hole above the stomach. In the deep SVC a right PICC-line is visible which otherwise clearly ends. The lungs are normal. The mediastinal and hilar contours are normal. The pulmonary vasculature is normal. No pneumothorax or pleural effusions are visualized. Impression: 1st interval removal of the endotracheal tube. 2nd NG-tube and right PICC-line in a suitable position. 3. Obvious resolution of the small bilateral pleural effusions.', 'Results: Impression: ET tube tip is 5.5 cm above the Karina. NG tube tip is in the stomach. Left retrocardial consolidation is unchanged, but no new focus compaction is available. Bilateral pleural effusions should be observed.', 'Findings: Impression: Compared to the previous radiograph of the same date, a right-hand pleural catheter is placed with apparent resolution of the right-hand pleural effusions and not unambiguous.The investigation is otherwise remarkable for the development of retrocardial atelectase.', 'Findings: Impression: Compared with previous x-rays in the chest ___ by ___. Left lobe has been consolidated in a uniform manner since ___ with a temporary improvement which indicates that, considering the almost complete turbidity of the left bronchial tree due to preserved secretions, it can collapse. Hash turbidity, which has developed over a large part of the right lung, is likely oedema despite the lateral stratification of pleural effusion may have the same visual effect. Heart size is slightly increased. Right- pleural effusion is at least small, increased since ___. Moderate cardiomegaly developed after ___ is then stable. ET tubes in standard placement. Aesophary drainage tube passes into an uncompressed stomach over and from the point of view. RECOMMENDATION(S): Consider bronchoscopy, if not already done.', 'Results: Impression: Compared to previous thorax radiographs, ___ by ___ at 06:03. Moderately severe consolidation in the left lower liver lobe has decreased a little over 6 hours. Oedema or consolidation in the right lower brain lobe and probably small to moderate right pleural effusion have not improved.', 'Results: Impression: Compared to ___ breast radiograph, the right pleura catheter has changed slightly in position. There is no evidence of a substantial pleural effusion or pneumothorax. This examination is otherwise remarkable for the improvement of atelectase in the left retrocardial area.', 'Results: Impression: Heart size and mediastinal are unchanged in appearance. Hardware unchanged. Right Pleural casting is small. There is no indication of focus consolidation. Minimal upper right flap atelektasis is unchanged.', 'Results: Impression: Compared to previous thoracic radiographs ___ by ___. Left lobe is collapsed again and pulmonary vascular engorgements have increased markedly, up to the edge of the pulmonary oedema. Small to moderate left pleural effusion increased. Moderate cardiomegaly unchanged, at low lung volumes. ET tubes in standard placement. Esophagal drainage tube enters the stomach and from sight.', 'Findings: A pigtail catheter newly covers the lower right breast against ___ No Pneumothorax. Minimal dulling of the right Kensus angle without coarse effusion. Inspiratory volume is low and the patient is supine. Unspecific, but compatible with the Atelectasis embezzlement of the right Perihilar. Minor elevated retrocardioid density is also unspecific, but compatible with Atelectasis. Extreme left Kensus angle is excluded from the movie, but no coarse left-side effusion. Cardiomediastinal silhouette is large unchanged. Spinal fixation hardware is seen both in the lower cervical and in the whole area of the thoracic spine. Impression: Interlocation of a right-side pigtail catheter. No coarse effusion. No pneumothorax. Bilateral opacities are not specific, but compatible with Atelectasis.', 'Findings: Impression: The ET-pipe tip is 5.3 cm above the spine. NG-tube tip is located in the abdomen. Right-hand pigtail catheter is in position. There is an interval increase in the right pleural effusion. There is also progression of vascular enlargement and left retrocardial consolidation. .', 'Results: Impression: Compared to the previous X-ray image of 1 day before, almost a left retrocardial turbidity resolved. Layering right pleural effusion obviously decreased in size and a small left pleural effusion. No other relevant change.', 'Findings: Impression: Compared to the ___ study, the patient has taken better inspiration. Right chest tube is in unchanged position and there is no reference to pneumothorax. Heart silhouette lies at the upper limits of normal size and is not vascular congestion. There has been development of an increased retrocardial turbidity with silhouetting of the hemidiaphragm, combined with volume loss in the left lower lobes, probably related to a mucus plug.', 'Results: Impression: Comparison with ___. The right chest tube has been removed. There is no indication of the presence of a right pneumothorax. Stable appearance of the left hemithorax and the heart.', 'Results: Impression: Compared to previous thoracic radiographs, ___ by ___. Minor left sublobe atelectasis has improved. Previous mild pulmonary oedema is solved. Normal heart size. Small pleural effusion is probably unchanged. No pneumothorax. ET tubes located at the thoracic entrance no less than 6 cm from the carina and could have progressed 2 cm to safer seats. Esophageal drainage tubes flows into the stomach and out', 'Finds: Impression: the ET pipe tip is 4.5 cm above the Karinal. The NG pipe tip is located in the stomach. The right PICC line lies in the lower SVC range. The cardiomediastinal silhouette is unchanged, but the phase of the left lung firming and the right extension may also be relevant for a combination of pulmonary oedema and pneumonia. Air ___ would be another possibility. No significant increase in pleural effusion or pneumothorax development is observed.', 'Results: Impression: Comparison ___. The right breast tube is in unchanged position. No signs of pneumothorax. Reduction in the already existing right pleural effusion. Signs of slight central fluid overload persist. Wideness of the heart. No pneumonia, no atelectasis.', 'Results: Impression: Comparison ___, 20:36. There is no important change to notice. The monitoring and support devices, including the right chest tube and the endotracheal tube are in a stable correct position. Moderate Cardioomegaly persisted. No pneumothorax. Unchanged right pleural effusion and left retrocardial atelectasis P', 'Findings: The patient leans to the left. Once again, the coil catheter over the right lung is seen. Minimal dampening of the right Kampion angle could be a small right Pleural effusion, but is not significantly changed. No big effusion or detection of Pneumothorax is detected. Accidental defilements are again seen in the right Perihilar region and left base, not specific, but compatible with the Atelectasis. No coarse left effusion. Fixation hardware of the thoracic spine and partially illustrated hardware of the lower cervical spine is again noticed. Cardiomediastinal silhouette is probably not significantly changed. Impression: Possible minimal liquid at the right Kampion angle, coarsely unchanged. Otherwise I doubt substantial interval change.', 'Results: Impression: Compared to previous chest x-ray image ___ by ___. Mild interstitial anomaly, is probably oedema. Left underlay remains essentially atelectatic. Borderline heart enlargement unchanged. Left pleural effusion is suspected but not substantial. No pneumothorax. Right pneumatic pneumatary effluent nor ET pipe in standard placement. Esophageal effluent tube ends in the middle area of the unsealed stomach.']",0,28,88.81019861854519,13.210526315789474,125.09200924137008,25.105263157894736,1.1017386294239206,8.525,105.15789473684212,0.5549999999999999,113.0,88.5,0.0,1.95625,3.7625,4.005263157894737,139.31578947368422,8.75,30.67619047619048,9.471428571428572,1.1,27.185714285714283,30.94285714285714,87.95238095238095,258.6666666666667,12.033333333333331,27.35,13.90952380952381,3.5004761904761907,9.99047619047619,0.0,44.27142857142857,0
C:\Users\Shreni\OneDrive\Desktop\B.Tech-Project\dataset-cxr\official_data_iccv_final\files\p10\p10012853\s50200959\4736face-6f5f0e13-4b8bac9f-49661d81-a988229c.jpg,"['Findings: Because ___, moderate pulmonary convulsions and mild interstitial oedema is increased, a moderate right pleural effusion is novelty, and moderate left basilar opacities are visible, probably an atelectasi. moderate cardiomegally is increased. No pneumothorax. Large gout, which suppresses the trachea to the right and slightly decreases at the thoracic inlet, is chronic. Impression: 1. moderate pulmonary overload and slight interstitial oedema is increased, medium right pleural effusion is new, and moderate left basilar atelectasis is increased, because ___, in line with an acute CHF exacerbation. Great gout, unchanged. NOTIFIK: The findings were discussed by Dr. __ with RN __ on the phoneon ___ at 4:53 a.m., 15 minutes after discovery of the findings.', 'Results: A single portable AP semi-upright view of the chest is achieved. Heart is slightly enlarged. Calcifications are present in the aortic arc. Deviation of the trachea on the right side is probably due to an increased thyroid gland. There are diffuse bilateral turbidities with perihilar distribution and more pronounced in the lower zone, in line with moderate pulmonary oedema. Medium-serious bilateral pleural oedema are also present. The degree of pulmonary oedema limits for focus consolidation. There is no pneumothorax. Impression: Moderate to severe pulmonary oedema and moderate bilateral pleural oedema.', 'Results: There is volume loss / alveolar infiltrate in the lower lungs, but overall the appearance is much better compared to the study 2 days ago. There are small bilateral pleural effusion that are smaller than before. It is still pulmonary vascular redistribution and moderate to severe cardiomegaly Impression: Improvement of fluid state both pulmonary oedema exist.', 'Results: The lungs are hyperinflated, with flattening of the membranes.Bibasillary ateletasis can be seen without focus consolidation. There is a mild pulmonary vascular constipation. No pleural effusion or pneumothorax can be seen.The heart and mediastinal ilhouettes are coarsely stable Impression: Hyperinflated lungs. Mild pulmonary vascular congestion.']",0,91,37.5,12.538461538461538,29.5,31.423076923076923,0.45,8.63888888888889,102.26923076923076,0.9222222222222224,111.57692307692308,4.5,0.5,1.894736842105263,3.5631578947368423,3.9384615384615382,142.23076923076923,18.96153846153846,34.07826086956521,9.978260869565217,2.2,24.55217391304348,29.3,83.8695652173913,329.4782608695652,24.1,59.36153846153847,18.217391304347824,4.0630434782608695,6.947826086956522,10.0,54.95625,1
C:\Users\Shreni\OneDrive\Desktop\B.Tech-Project\dataset-cxr\official_data_iccv_final\files\p10\p10014078\s51417320\e9b79874-e6612023-982f9db3-8d56781c-1784c036.jpg,"['Results: Impression: Essentially unchanged compared to ___ at 9:19 a.m.', 'Results: Impression: 1. Conductors and tubes in satisfactory position 2. Diffuse patchy turbidity due to much of the left lungs, the questions Aspiration versus Pneumonic Infiltrate. 3. Focal turbidity over right lungs, not fully marked. Further evaluation with PA, lateral and flat oblique chest x-rays, if the patient is stable, could help characterize this.']",0,60,88.81019861854519,12.375,125.09200924137008,21.5,1.1017386294239206,8.216666666666667,111.88888888888889,0.5333333333333333,116.125,27.598999993975077,0.8639044073641314,1.85,2.8166666666666664,3.566666666666667,141.55555555555554,5.875,30.142857142857142,10.6,1.0,26.47142857142857,35.2,75.28571428571429,207.7142857142857,11.0,25.4,13.671428571428573,4.008571428571429,7.1000000000000005,11.061593808524938,49.62004735125374,1
C:\Users\Shreni\OneDrive\Desktop\B.Tech-Project\dataset-cxr\official_data_iccv_final\files\p10\p10014354\s55291283\055f0229-d5b5c76d-673f43dd-28d89058-d4986d7b.jpg,"['Findings: There is no focus composition, pleural effusion or pneumothorax. The heart is once again topnormal in size. A left chest pacemaker with transvenous lines seen in the right atrium and in the right ventricle. Impression: No acute cardiopulmonary process.', 'Findings: There is no focusing, pleural effusion or pneumothorax. Heart is top-normal in size. No acute osseus abnormalities identified. Right atrial step lead is not remarkable in position. Appearance of right ventricular lead has improved in appearance compared to ___ where a sharp bent was. Impression: No acute cardiopulmonary process.', 'Findings: Impression: There are no prior chest radiographs for review. Study is read in conjunction with the youngest chest CT __. Heart is top-normal size. Transvenous right atrial right ventricular stepper guides are continuously taken from the left chest generator. The ventricular lead is sharply bent and its integrity should be documented. Lungs are clear. There is no pulmonary oedema or pleural effusion. RECOMMENDATION(S): Evaluates the integrity of the angular right ventricular stepper guide.']",1,60,116.8148148148148,13.70935960591133,69.81751824817518,25.123152709359605,0.2432,8.473224043715847,94.56435643564356,1.171889400921659,197.3027027027027,8.44186046511628,0.1821705426356589,2.000552486187845,3.709714285714286,4.57351598173516,132.56422018348624,17.199074074074073,28.39148936170213,9.060427807486631,1.1708860759493671,27.518716577540108,31.904278074866312,86.2566844919786,215.37566137566137,12.662025316455695,41.47558139534884,15.462566844919786,3.295347593582888,20.96096256684492,21.375968992248065,47.84064171122995,0
C:\Users\Shreni\OneDrive\Desktop\B.Tech-Project\dataset-cxr\official_data_iccv_final\files\p10\p10014729\s51377970\57f1b6eb-de895902-f3d36eb2-a01a8f5d-05e2a93a.jpg,"[""Surgical clips are now available above the left lateral aspect of thoracic debridment and thoracotomy. Surgical drainage is present in the soft tissue of the breast wall. A left pleuradrainage is now seen with decreased effusion compared to yesterday's CT. Pulmonary vascular constipation within the left lung is probably a component of the reexpansion pulmonary oedema. The effusion layers are known to be superior to the aores, also better seen on previous CT. There is no pneumothorax. The heart size is normal. The right lung is clear. Impression: Small remaining pleura effusion with a left pleura effluent in place. No pneumothorax."", 'Results: The endotracheal tube ends 2.5 cm above the Carina, Swan whole catheter ends in the area of the right ventricular discharge tract, and nasogastric tube ends in the stomach. On the left side chest pipes are on site with a small left apical pneumothorax. A local area with elevated opacity is present in the left supraaortic region in place of the recent surgical repair of a well-known aneurysm. Attention to this region is recommended for short-term follow-up radiographs. Mild interstitial oedema refers the left lung to a higher degree than the right, and note is also made by Atelectasis in the left retrocardial region as well as subcutaneous emphysema in the left chest wall.', 'Results: Comparison with the previous study from ___. Once again, a right-side PICC line and left-side chest tubes are observed, which remain unchanged in position. A small left-hand apical pneumothorax remain. At the left-hand lung base there is renewed consolidation with an embossment of the pulmonary vascular markers in the left lung. The right lung appears quite clear. On the right there is no pneumothorax. At the right-hand lung base an improved ventilation of the atelectase has been achieved. Impression:', 'Results: Impression:', 'Findings: There is an interval change of the small left chest tube with a larger standard size left chest tube. There is a moderate left pneumothorax. There is a reduced amount of pleural effusion on the left side. In the left lung there is an increased turbidity, some of them due to an underlying effusion, but some of them due to volume loss / infiltrate. On the right side PICC line tip is located in the cavoatrial intersection. There is some volume loss in the right lower lung. There is minimal media shift to the right. Skin ___ becomes visible again the left chest wall superimposed. Impression:', 'Findings: It has been a portable single frontal breast radiograph with patients in semi-standing position. It has interval removal of the chest tube, ET tube, Swan-whole catheter, and NG tube. The left apical area is now filled with fluid. There are new bilateral pleural effusion with connected bibasilare atelectasis. Sturdy opacity is in the left supraaortic region at the place of recent surgery. The heart size is normal. Impression: 1. New bilateral pleural effusion with associated bibasilare atelectasis. 2. Liquid in the left apical region after chest tube removal.', 'Findings: Compared to the previous radiograph from ___, 11:14, the pig tail catheter on the left was slightly withdrawn, whereby the wild tail tip was dehaired. The more cranially positioned catheter stands in unchanged position and shows an unchanged course. The tip of the left PIC line, which is projected over the axillar vein, is constant in appearance. The pleural fluid on the left is unchanged in size and severity. Unchanged appearance of the right lung and the right heart border. Impression:', 'Results: Compared to the previous radiograph it is not a relevant change. The wrapped superior breast tube is in unchanged position. The basal tail catheter is also unchanged. The surgical ___ is in constant position. The extent of left pleural effusion is also stable. No pleural inclusions. Unchanged size of cardiac silhouette. Unchanged unobtrusive right lung. Impression:', 'Results: Comparison with pre-study from ___. There is a removal of the left chest tube. In the distal SVC there is a small left apical hydropneumothorax, which appears unchanged. In the distal SVC there is a right side PICC line with distal lead tip. The right lung is relatively clear. Heart size is within normal limits. Impression:', 'Results: Compared to the previous radiograph, the Mistorted left PICC line has been withdrawn. The tip of the line now crosses the axilla. Two breast tubes on the left are located in situ. A series of surgical clips project across the left breast wall. The extent of a basal and laterally distributed pleural effusion is constant. There is no evidence for a relatively large left basalatelektase. The left hemithorax is unchanged in appearance. The right lung remains normal. Impression:']",0,21,21.0,13.77777777777778,18.0,25.33333333333333,0.2,8.35,103.1904761904762,0.58,95.3157894736842,27.598999993975077,0.8639044073641314,1.8133333333333328,3.227272727272727,3.7666666666666666,138.0,7.3,26.95217391304348,8.976190476190476,1.2166666666666666,29.742857142857144,33.62380952380953,88.52380952380952,280.23809523809524,13.316666666666668,29.84,12.504761904761908,3.0152380952380957,13.414285714285716,11.061593808524938,49.62004735125374,0
C:\Users\Shreni\OneDrive\Desktop\B.Tech-Project\dataset-cxr\official_data_iccv_final\files\p10\p10015272\s56985410\7442a76c-a37019b9-13a2c208-a7f837b0-02082118.jpg,"['Findings: Prior to median stenotomy and mitral valve repair. No pulmonary oedema. Asymmetric nodular opacity in the top segment of the right lower lobe is detected again, due to the extensive pulmonary embolism can reflect lung infarction. Small right-sided pleural effusion. Moderate cardiomegaly. No pneumothorax. Impression: No pulmonary oedema. Asymmetric nadular segment opacity can be pulmonary infarction.']",0,78,33.0,11.875,45.0,23.5,0.2,8.428571428571429,102.125,0.6375,106.75,27.598999993975077,0.8639044073641314,1.957142857142857,2.8857142857142857,4.575,133.0,17.875,28.066666666666663,8.9,1.4125,35.53333333333333,31.72222222222222,112.11111111111111,163.22222222222223,15.45,66.30909090909091,17.533333333333335,2.5055555555555555,6.2444444444444445,11.061593808524938,70.72222222222223,1
C:\Users\Shreni\OneDrive\Desktop\B.Tech-Project\dataset-cxr\official_data_iccv_final\files\p10\p10015860\s51904202\8445748a-46877305-addb6ba3-210494d0-1ab85d21.jpg,"['Findings: No previous images. Cardio-Silhouette is within normal limits and there are no signs of vascular accumulation, pleural effusion or acute combustion air pneumonia. Impression:', 'Results: The patient rotates. Cardiomediastinal silhouette is roughly unchanged. There is no pleural effusion or pneumothorax. There are line-like left basilar exercise which corresponds to Atelectasis. There is no focal consolidation with regard to pneumonia. Impression: No evidence of pneumonia.', 'Findings: Impression: PA and lateral thorax in contrast to ___. A slight increase in pulmonary and mediastinal vascular engorgment indicates an adjacent cardiac decompensation, although the heart is normal and there is no pulmonary oedema. There can be a tiny volume of pleural fluid in each side of the thorax. Peribronchial turbidity in the left lower lobe is probably Atelectasis.', 'Findings: The lung volumes are low, causing the accumulation of bronchovascular structures. Opazity adjacent to the right heart edge will probably represent overcrowded vessels. Heart size is topnormal, unchanged since ___. The aorta is tormenting. No pleural effusion or pneumothorax identified. Impression: Low lung volumes cause accumulation of bronchovascular structures. Opasity at the right heart border is probably overcrowded vessels, however, when it is concerned to repeat pneumonia Radiograph in deep inspiration would be helpful.', 'Results: The heart size is slightly magnified but unchanged. Mediastinal and illyre contours are imperceptible. Pulmonary vasculature is normal. Compared to the previous study there is a trace of left pleural effusion, new. No pneumothorax is identified. There are no acute ossen abnormalities visible. Impression: traces of left pleural effusion, new from the previous study.']",1,53,26.25,17.02857142857143,21.705882352941178,22.942857142857143,0.3,8.825974025974027,97.25233644859811,3.847321428571429,149.09615384615384,31.95774647887324,0.0140845070422535,1.8486486486486489,4.532051282051282,4.7075471698113205,134.4056603773585,40.3394495412844,28.72429906542056,9.364761904761904,1.136842105263158,27.78857142857143,32.532380952380954,85.6,439.25714285714287,12.326315789473684,29.31666666666667,14.142857142857142,3.3679047619047617,12.520952380952382,8.492957746478874,47.03442622950819,0
C:\Users\Shreni\OneDrive\Desktop\B.Tech-Project\dataset-cxr\official_data_iccv_final\files\p10\p10015931\s50912119\4c8be7b3-4bdfb53a-5291392a-e9387349-55fd937c.jpg,"[""Findings: Impression: Comparison with ___. The patient is intubated. The tip of the endotracheal tube is located 4 cm above the Karina. The newly placed left PICC line is stable. The patient carries and replacement of aortic valve. Signs of a mild to moderate centralized pulmonary oedema appear in today's picture. Mild retrocardiac atelectase. Moderate cardiomegaly."", 'Results: Impression: Compared to the investigation of ___, the tip of the subclavial PICC line lies at the cavoatric junction or the upper part of the right atrium. Continued extension of the cardiac silhouette with increase of pulmonary vein pressure and opazification at the left base in harmony with pleural fluid and underlying compressive eleksis. In the appropriate clinical environment, it would be difficult to exclude superimposed pneumonia, especially in the absence of lateral angle of view.', 'Results: Impression: Since the previous x-ray is placed a few hours earlier, a Nasogatric tube, ending in the proximal stomach. Test otherwise is remarkable for the deterioration left retrocardial opacity. No other relevant change.', 'Results: Medium grade cardiomegaly is stable. Mediastinum and pleura are inconspicuous. Mild pulmonary oedema is stable. Mild left subfacial atelectasia persists. No focal consolidations or pneumothoraxes become visible. Impression: Stable mild pulmonary oedema and moderate cardiomegaly.', 'Results: A moderate left and small right pleural effusion are gross unchanged. Cardiomediastinal Silhouette is overall unchanged. There is a background of mild pulmonary oedema, similar to before. There is no pneumothorax. Impression: Moderate left and small right pleural effusion. Background pulmonary oedema, similar to before.', 'Results: Endotracheal tube tip in good position. Left PICC line tip not seen well, probably near cavorial nodes. T AVR. Pulmonary oedema is slightly improved. Stable heart size, pulmonary vascularity since earlier. Slightly improved bibasial opacities. Improved pleural castings. No definite pneumothorax. Impression: Interval mild improvement. No pneumothorax.', 'Results: Impression: Comparison with ___. Stable appearance of bilateral pleural effusions and mild to moderate pulmonary oedema. No change in the appearance of cardiac silhouette. No pneumothorax.', 'Results: Impression: Comparison with ___. Stable appearance of the moderate left and small right pleural effusion point, with subsequent atelectase areas. Stable appearance of the pulmonary parenchyme, with mild, predominantly interstitial opacities at the right lung base and the bases of the right upper lobe as well as a mild atelectic opacity at the left lung base.', 'Results: Impression: Compared with thoracic radiographs ___ by ___. Moderate medium left and small to moderate right pleural effusions are slightly smaller and the pulmonary vasculature is surrounded, but there is probably no acute pulmonary edema. Mild enlargement of the cardiac silhouette is probably the function of deeper pulmonary volumes. Mediastinal veins are not particularly engorged. No pneumothorax.', 'Results: Impression: Compared to preoperative chest radiographs ___. Since ___ the patient has T AVR. Mild pulmonary edema exists further, moderate right-wing pleural effusion is larger, small pleural effusion unchanged. Left lower lobe atelectrosis new or worsening. No pneumothorax.', 'Results: Medium to large left and small right Pleuraerguss are increased from ___. There is no evidence for pulmonary oedema. Aortic valve exchange and calcified aortic lamp remain unchanged. Impression: Medium to large left and small right Pleuraerguss are increased from ___.', 'Results: The tip of the uterus is located in the central stomach. Endotracheal tube tip 6 cm above the carina. Left PICC line tip near cavorial knots. T AVR. Stable left lower rag consolidation. Provided light left pleural effusion is stable. Increased left lingual turbidity, atelectasis compared to infiltrate. Randal heart size, lung vascularity, stable. Right catophrenic angle is not well visible. Distended intestinal loops. Impression: Feeding tube tip is located in the middle of the stomach. Lingular Atelectasis versus infiltrate.', 'Findings: Small left pleural effusion, minimally reduced. Left basilary turbidity, slightly improved. Right pleural effusion improved. Slightly improved pulmonary vascularity, Basilar opacity. Stable postoperative changes. Right PICC line. Impression: Interval improvement.']",1,87,8.8,15.774193548387096,15.4,25.983870967741936,0.58,8.414893617021276,94.87301587301587,2.2777777777777777,156.96226415094338,9.235294117647058,0.9803921568627452,2.0517857142857143,4.731914893617021,4.426984126984126,132.14285714285714,40.26984126984127,27.93220338983051,9.325454545454544,1.7545454545454546,31.585454545454542,33.56181818181818,94.1818181818182,105.9,19.11590909090909,48.67916666666667,15.563636363636364,2.9372727272727275,8.812727272727273,6.823529411764706,52.8490909090909,1
C:\Users\Shreni\OneDrive\Desktop\B.Tech-Project\dataset-cxr\official_data_iccv_final\files\p10\p10016742\s50273193\d5f0df52-128c2021-61320223-4769816c-187bb3d4.jpg,"['Results: A right-hand PICC ends at the SVC/brachiocephalic cross-section without signs of pneumothorax. There is little lung volume. A slight right-hand primary clouding can be due to atelectasis against aspiration. Heart and mediastinal ilhouettes are unnoticed. Midline tracheostomie notes. Impression: Right-hand PICC ends at the SVC/brachiocephalic cross-section without signs of pneumothorax.', 'Findings: Impression: Compared to X-rays in the chest ___ by ___. At the lung bases, small areas of residual consolidation or atelectase persist, not enough to explain respiratory insufficiency. Upper lungs are clear. Heart size top normal. No pleuraanostomia. Tracheostomie tube midline.', 'Results: Impression: Compared to the examination of ___, the left haemidiaphragm is now closely observed, in line with an improved atelectase or consolidation at the left base. Cardial Silhouette remains in the normal range and there is no evidence of vascular overload or pleural effusion. Tracheostomie tube remains in place. Right Subclavian PICC line extends again only as far as the connection with the superior vena cava.', 'Findings: Inspirative volumes are slightly low. Tracheostomy is again observed. Compared to the previous film, I doubt significant interval changes. Once again patchy opacity is observed on the right as left lung bases. The differential diagnosis contains pneumonia turbidity, aspiration areas pneumonitis (usually on the right side), or severe atelectasis, although infection infiltrate is suspected. No coarse joint effusion. Impression: Doubtful significant change compared to 1 day before.', 'Results: Impression: There is hardly any interval change compared to the study ___ ____. Tracheostomie Tube remains on site as well as the right subclavian PICC line. Here, too, a turbidity of the right base with darkening of the hemidiphragm can be observed. Although this might represent a loss of volume in the right lower flap with associated pleural effusion, the appropriate clinical setting would require consideration of superimposed pneumonia.', 'Findings: Tracheostomie tube is in stable position. Hazy right Basilar Opacity Silhouetting the hemidiaphragm could determine on the combination of the stratification effusion and Atelectasis that infection is not excluded. Similar left Basilar Opacity in the retrocardial region on a lateral level could Atelectasis or infection. Cardiomediastinal silhouette is roughly within the normal limits. No acute ossous anomalies. Impression:', 'Results: Impression: Comparison with ___. Stable position of tracheostomy. Stable slight increase of the right hemidiaphragm with subsequent atelectase at the right lung bases. Small plate-like atelectase at the left lung bases. Normal size of the cardiac silhouette. No interval appearance of parenchymal opacities.', 'Results: Impression: Comparison to ___. Improved ventilation of the right lung base. The persistent areas of the Atelectasis right and left lung base are minimal. There is no evidence of major pleural effusions. No pneumothorax. No pulmonary oedema. Normal size of the heart. The tracheostomie tube in stable position. If the clinical symptoms persist, CT should be considered because the spatial resolution is better in the assessment of lung parenchyme.', 'Found: A tracheostomy tube is present. There are low inspirational volumes. Seen again are somewhat pastylated densities at both lung bases. At the right base the opacity is a little more confluent. At the left base there can be a slightly improved ventilation. Doubts about CHF. No gross bulging. No pneumothorax detected. Celebrities of pneumothorax in both proximal humeri found. Impression: Bibasilalar opacities can be seen again, overall similar. Possible slight interval improvement at the left base. Patchy osteopenia in both humeri. Is the patient osteopotic?', 'Findings: Impression: Compared to breast radiographs ___ by ___. Large region of consolidation base the right lung could be pneumonia, probably worse today than on ___. It can be accompanying pleural effusion, even moderate in size. Borderline cardiomegaly stable. No pulmonary oedema. No left pleural disorder. Tracheostomie tubes in the standard placement', 'Results: Impression: Heart size and mediastinal are stable. Correct PICC line tips end at the level of superior SVC. Heart size and mediastinal are stable. Tracheostomie is in unchanged position. No interval development of new consolidations is seen, except for persistent right basal opacity, which most likely represents a combination of Ateletasis and infection.']",0,58,38.5,14.555555555555555,28.5,26.77777777777778,0.2166666666666666,9.326666666666666,103.72222222222224,0.5833333333333334,145.38888888888889,21.5625,0.25,2.12,3.58,4.316666666666666,140.55555555555554,20.38888888888889,32.37647058823529,10.241176470588234,1.1636363636363638,26.63125,31.6875,84.125,409.0,12.563636363636364,47.45,14.5125,3.86,10.725,16.25,44.34375,1
C:\Users\Shreni\OneDrive\Desktop\B.Tech-Project\dataset-cxr\official_data_iccv_final\files\p10\p10016810\s55346911\f848383c-e75baaa2-e75954a2-9f97171d-c352b9da.jpg,"['Results: Vibrant, semi-upright chest x-rays show low pulmonary volumes, resulting in bronchovascular displacement. There are bibasilare atelectasis. Heart mediastinal and Hilar contours are unchanged. No pneumothorax, pleural effusion, or consolidation. No evidence of pulmonary oedema. Impression: 1. Bibasilare Atelectasis. 2. No pulmonary oedema.']",0,66,16.0,14.571428571428571,18.0,24.428571428571427,0.7,8.242857142857144,98.0,0.5857142857142856,140.28571428571428,27.598999993975077,0.8639044073641314,1.9714285714285715,2.314285714285714,3.7285714285714286,133.14285714285714,13.857142857142858,35.56,12.22,1.3,32.239999999999995,34.4,93.8,237.6,13.933333333333332,25.166666666666668,13.72,3.794,13.94,11.061593808524938,49.62004735125374,1
C:\Users\Shreni\OneDrive\Desktop\B.Tech-Project\dataset-cxr\official_data_iccv_final\files\p10\p10017492\s58618810\5bbf9890-76c907dd-1e285259-284752d8-ed0528c8.jpg,"['Results: Compared to previous X-rays the patient has developed a new right hypoply opacity. The location of this opacity is completely identical to the newer aspiration. At the time of the dictation and observation 8:31 clock, at ____, the referring physician, ___. ____, was leafed in for notification. Overall, the lung volumes decreased. However, there is no indication of cardiomegaly or greater pleural effusions. No pulmonary oedema. Impression:']",1,84,17.5,16.083333333333332,27.5,22.25,0.55,8.645454545454545,108.07692307692308,1.6846153846153844,119.3076923076923,27.598999993975077,0.8639044073641314,2.109090909090909,3.4222222222222225,4.623076923076924,141.6153846153846,42.69230769230769,29.525,10.041666666666666,1.0833333333333333,31.46666666666667,32.875,95.83333333333331,311.5833333333333,12.333333333333334,23.98333333333333,13.958333333333334,3.188333333333333,8.091666666666667,11.061593808524938,49.62004735125374,0
C:\Users\Shreni\OneDrive\Desktop\B.Tech-Project\dataset-cxr\official_data_iccv_final\files\p10\p10018081\s50515796\906744d3-04cbdaa9-9b97b8ff-e89b52d6-be2d0f35.jpg,"['Findings: Compared with the previous X-ray picture, there is no significant change. On the current picture, the tip of the endotracheal tube projects about 6 cm above the Karina. Unchanged size of the cardiac silhouette. Retrocardial atelectase. Minimum right basalatelectase but no convincing signs of pneumonia. Mild fluid overload, no open pulmonary oedema. Impression:', 'Finds: Impression : 1. Underneath the membrane a resorption of the Nasogastric tube is seen with the unidentified tip. The heart is steadily enlarged. Persistent retrocardia consolidation and more patchy opacity remain at the right base and affect atelectase, aspiration or bibasilare pneumonia. Clinical correlation is recommended. A layered left effusion. No pulmonary oedema. No pneumothorax.', 'Findings: Compared to the previous X-ray image, the monitoring and support systems are in correct position except for the withdrawn endotracheal tubes. The tube now stands approximately 5 cm over the carina with its tip. The patient is rotated. Thus a pre-existing right parenchymal ground opacity appears somewhat more extensive than on the previous image. Blunting of the right cosophrenic sinus can be artificial. Moderate cardiomegaly persists. Unchanged left lower lappenatelectasis. Impression:', ""Findings: Impression: AP breast compared to 9.00 o'clock: feed tube with wire stylet pulled several centimeters from the tip coils in the upper half of the non-striped stomach. Right lung is clear. Acceleration at the base of the left lung is rest atelectasis and some pleural fluid, but significantly improved since ___ and earlier today. There is no Pneumothorax. Heart is moderately enlarged, but there is no pulmonary vascular retention or oedema."", 'Results: Compared to the previous radiograph, there is a resolution of the existing basal atelectasis on the right. Left light pleural effusion, combined with a distinct left lower lobe atelectasis. No pneumonia, no open pulmonary oedema. No pneumothorax. Impression:', 'Results: Interval repositioning of the Dobbhoff tube which now ends in the stomach. Better left retrocardial atelektase and almost resolution of the reconstructed right basilar electase. Otherwise no relevant change since the recent study carried out around two hours earlier. Impression:', 'Results: The left IJ midline has been removed. The left PICC top line is not seen well on the frontal view and there are no edge-enhanced images available. On the side view, however, the PICC line appears to extend beyond the distal SVC and overlay the right atrium. No pneumothorax is detected. Otherwise, the left base atelectasis has improved over the previous study. It is the upper zone redistribution without further reference to CHF. The cardiomediastinal silhouette probably does not allow for any technical differences. Prospective background COPD. The nodular density in the right lung base projected between the front fifth and sixth rib was probably not observed in the previous study AA. See report of ___ breast CT for 2 small right nodes.', 'Finds: AP portable upright view of the chest. Trace Pneumoperitoneum is within the postoperative boundaries. The heart is slightly enlarged. The hylar and mediastinal contours are within normal limits. A retrocardial left basal opacity probably reflects Atelectasis. There is no Pneumothorax. Tiny bilateral pleural effusion is present. Impression: 1. Left retrocardial opacity, probably the Atelectasis. Small consolidations in this area cannot be excluded. 2. Trace Pneumoperitoneum, within postoperative boundaries. 3. Trace bilateral pleural effusion.', 'Results: A left-side PICC line ends in the center of the SVC. An Orogastric tube runs below the membrane, the tip projected over the stomach fundus. The heart is enlarged and stable. Again, higher pulmonary vein pressure is seen. Bibasilare consolidations are seen again, probably reflection of pleural effusion and atelectase. However, overlaid pneumonia in the corresponding clinical environment cannot be excluded. Impression: 1. Left-side PICC line ends in the middle of the SVC. 2. Stable thoracic radiography, bibasilare consolidations likely reflect pleural effusion and atelectase. However, in the correct clinical setting, superimposed pneumonia cannot be excluded.', 'Results: Impression: AP breast compared to ___, 5:43: ET tube has been removed, lung volumes are well maintained. Mild cardiomegaly and small left pleural effusion are stable. Earlier left, the lower lappenatelectasis has improved. There is no pulmonary oedema. Upper enteric drainage line goes into an unstretched stomach and from the point of view.', 'Findings: Cardiac, mediastinal and Hilar contours appear unchanged. Again, there is peripheral cardiomegaly. For rotation as well as scoliosis approved the heart, mediastinal and hilar contours are probably unchanged. Likewise, the relative increase in the left hemidiophragm. There is no clear pleural effusion or pneumothorax. The lung appears clear. A PICC line ends in the lower upper venenkava. Impression: PICC line that ends in the lower upper venenkava. No signs of acute disease.', 'Results: Compared to the previous x-rays, the monitoring and support equipment remains the same. Unchanged size of the cardiac silhouette. Unchanged bilateral pleural effusion. Unchanged mild to moderate fluid overload. Impression:', 'Results: Impression: AP chest compared to ___: ET tube in standard placement. Left lower praise consolidation has not improved since ___, accompanied by small left pleural effusion. Small right pleural effusion increased since ___. Previous slight interstitial oedema has changed in distribution, but not in overall severity. Severe heart enlargement, unchanged. upper enteric drainage tube passes into the abdomen and from sight. Right jugular line ends low in the SVC. No pneumothorax.', 'Findings: aggravate left retrocardial turbidity, most likely due to atelectasis, although coexisting infectious compression is possible in the appropriate clinical setting. Otherwise, similar appearance of the chest compared to the previous X-rays performed several hours earlier. Impression:', 'Results: Impression: Esophageal drainage tube goes into the unstressed stomach and from the perspective. Since the patient is turned to the left, it is hard to say whether it is a medial shift in that direction turbidity of the left lower lobe for a long time and beats atelectasis as well. Mild edema and vascular congestion in the right lung has almost cleared up today. Left jugular line ends near the superior cavoarian crossing.', 'Findings: Portable AP chest radiograph demonstrates new bibasilary interstiial oedema with slightly increased vascular retention. No focus reinforcement identified. There is a turbidity of left hemidiapragm related to Atelectasis versus pleural effusion. There is no pneumothorax. The cardiomediastinal contour is unchanged in appearance. A enteric tube will slow down and an uncomplicated course, its terminal end from sight. Chronically deformed right clavicle newly demonstrated. Impression: Mild interstiial edema and vascular constipation.', 'Results: Impression: Pulmonary edema has almost dissolved, with associated resolution of the right pleural effusion. Stable cardiomegaly and small left pleural effusion with adjacent basilar atelectasis.', 'Results: The patient remains intubated. The endotracheal tube ends about 5-6 cm above the carina. An orogastric tube flows into the stomach, its distal course not yet fully illustrated. A right inner jugular catheter ends at the cavoatrium branch. In the left upper lobe there is a new burn opacity with a geometric appearance, probably compatible with Atelectasis; however, a new forming region of pneumonia is not excluded. Poetic retrocardial turbidity with air bronchograms and a probably associated pleural effusion persists without significant change. On the right, in this study, pleural effusion does not show itself to be caused by a true decrease or a consequence of differences in positioning. Impression: New left upper lobe opacity, probably due to Atelectasis, but a new focal point of infection is not excluded; short term radiograms may contribute to distinguishing if clinical concerns may include the possibility of developing infections.', 'Findings: Persistent left retrocardial turbidity with increasing loss of volume manifests due to subordinate displacement of the left neck and apparent displacement of the left main column, in accordance with the left lower nasal atelectasis. Coexisting pneumonia is possible in the corresponding clinical setting. Right lung and pleural surfaces are clear. Impression:', ""Findings: The portable frontal chest radiograph shows an endotracheal tube that ends 4 cm above the level of the Karina in suitable position. An enteric tube descends uncomplicated to the distal oesophagus, its end from the point of view. A right yogular line ends at the low superior venous cavity. Allowed for changes in the patient's position, the lungs appear largely unchanged at slightly increased interstitial oedema. There is no new focus consolidation. There are probably small bilateral pleural effusions, unchanged. Pneumothorax does not exist. Impression: Slightly increased interstitial pulmonary oedema."", 'Results: Impression: The left PICC-line point lies on the middle SVC-plane. Cardiomegaly and mediastinum are unchanged. The right basal opacity is slightly advanced. The left retrocardial atelectasis is unchanged.', 'Findings: Dobbhoff tube has been replaced and is wrongly positioned by winding in the middle thoracic esophagus and distal tip towards cephalade at the cervicothorak crossing. At the time of this dictation, then receive chest x-ray document re-positioning. Cardiomediastinal contours are stable, and there is a deterioration left retrocardial opacity in addition to unchanged left pleural effusion. Patchy Atelectasis at the right lung base is new. Otherwise no relevant short interval change. Impression:', 'Findings: Since CXR, there has been an interval placement of an enteric tube, extending at least to the stomach, but the distal tip is above the lower edge of the picture. There is a medium-sized left pleural effusion which appears a little worse than ___. A small right-side pleural effusion is also noted. There is pulmonary vascular bottleneck with mild pulmonary oedema. No sign of pneumothorax. The previously seen pneumoperitoneum is now resolved. Heart seems slightly enlarged, unchanged from before. No acute osseus anomalies. Impression: 1. Interval dissolution of small pneumoperitoneum. 2. deteriorating left-side pleural effusion.', 'Results: Impression: Mild interstitial pulmonary edema unchanged since ___. Moderate cardiomegaly and pulmonary vascular congestions and left lower Lappenatelectasia, probably due to the influence of the left ventricle, are all already long. Left inner jugular line ends in deep SVC. Esophageal drainage tube goes into the stomach and out of sight.', 'Results: Impression: 1. A nasogastric tube is seen under the diaphragm with the tip not identified coursing. It increases the retrocardial consolidation with a probable associated effusion. Although this may partially represent lower flaps atelectasis, aspiration and pneumonia should also be taken into account. Right lung is strongly clear. Heart remains stable enlarged. No pneumothorax is estimated. No evidence of pulmonary oedema.', 'Results: On the left side PICC is once again visible and ends in the middle of the SVC. The cardiac silhouette continues to be moderate to greatly magnified. The bibal turbidity has strengthened there, because there is now a dull reduction in the costophrenic angles. Finds correspond to small to moderate bilateral pleural effusions with unnecessary atelectase, an underlying compaction due to pneumonia is not excluded. There are moderate pulmonary oedema. No pneumothorax. Impression: Bilateral pleural effusions, pulmonary oedema and distinct enlargement of the cardiac silhouette suggest CHF, which are however not excluded by lung inflammation at the lung bases within the appropriate clinical framework.', 'Findings: There is no relevant change compared with the previous radiograph. The lung volumes are low. Atelectasis of the left lower lobe with potential accompanying small left pleural effusion. Continuous moderate cardiomegaly. No change in the appearance of the normal right lung. Nasogastric tube is in unchanged position. Impression:', 'Results: Compared to the previous X-ray, the atelectase increases at the right lung base. Left pleural effusion and subsequent atelectase have a constant appearance. Permanent size of cardiac silhouette. Unchanged course of the nasal tube. Impression:', 'Findings: The portable breast X-ray shows an endotracheal tube, which finishes 4.5 cm above the level of the carina in appropriate position. A right inner jugular line ends in the low SVC. An enteric tube falls in an uncomplicated course, its terminal end outside of the field of vision. Heart size is slightly enlarged, unchanged. New mild interstitial oedema in the right lower lobe. The left lung looks coarsely clear and better ventilated. No pneumothorax. Impression: New mild interstitial oedema lying at the lower right.', 'Results: Impression: 1. Unchanged left lower flap pneumonia, with slightly better ventilation probably due to a decreasing neighbour Atelecasis. 2. Increased mild pulmonary vascular congestion.', 'Findings: The monitoring and support units are unchanged compared to the previous X-ray image. The intermediate to severe cardiomegalia remains unchanged, but a prior left pleural effusion has decreased slightly. An existing left perihilar opacity is also lower. Overall, the lungs look better ventilated. Plate-like atelectasis at the right lung bases, together with a small right pleural effusion. No new parenchymal opacities. No pneumothorax. Impression:', 'Results: AP Single view portable chest X-ray shows Dobbhoff tube with tip ends in the middle stomach cavity. Left Lung-based opacity has deteriorated since previous chest X-rays due to increased pleural effusion and left lower praise collapse. In the corresponding clinical setting Pneumonia should be considered. Right lung is clear without consolidation, nodes or pleural effusion. There is no pneumothorax. Heart size is partly darkened by left pleural effusion, but appears within normal limits. Impression: Correct positioning of the Dobbhoff tube ends in the middle stomach cavity. Interval increase of the left lung base collaps and pleural effusion, is related to pneumonia.', 'Results: Impression: 1. Nasogasteric tube is seen again under the diaphragm tip Coursing without identifying the tip. Overall cardiac and mediastinal contours are stable. Mid-term reduction of lung volumes with plastic opacity image on both bases, to the right larger than left, probably representative of patchy atelectasis at low pulmonary volumes. No major effusions. No pneumothorax. No sign of pulmonary oedema.', 'Findings: Impression: AP Breast compared to ___: Small to medium right pleural excitation is smaller and the degree of mild atelectasis on the right lung base remains unchanged, and there is also no pulmonary oedema. On the left, the lower lobe has been practically air-free since ___ and this has not changed, accompanied by a small pleural effusion, which would be expected in the context of the chronic atelectasis. Left lip is clear. Cardiological silhouette is moderately to greatly enlarged, but unchanged due to cardiomegaly and/or pericardial effusion. ET tube is in the standard placement. Right jugular line ends deep in the SVC, and upper enteric drainage tube passes into the stomach and from sight.', 'Results: Impression: Compared to the examination of ___, the cardiac silhouette is also enlarged and with some signs of increased pulmonary venous pressure. A basiartr practice 6 that corresponds to pleural effusion and adjacent electrical changes would have to consider the possibility of an overlaid pneumonia in the relevant clinical situation. A Nasogastric tube has been placed in place, which extends to at least the upper stomach, where it crosses the lower edge of the picture. Central catheter remains in place.', 'Findings: Atelectasia, aspiration, and/or bibasilary pneumonia can be represented. No pneumothorax. No evidence of pulmonary oedema. Impression: 1. The Nösogastric tube is once again to be seen coursing below the diaphragm with the tip is not identified. The heart remains stable enlarged. There is a stable retrocardial consolidation probably with a related effusion. In addition, there is more focal patchy turbidity development at the right lung base. Although these findings can atelectasia, aspiration and/or bibasilare pneumonia should also be considered. No pneumothorax. No evidence on pulmonary oedema.']",1,79,15.571428571428571,15.314606741573034,25.285714285714285,24.44943820224719,1.1,8.752380952380953,106.84615384615384,2.2644444444444445,119.82022471910112,27.598999993975077,0.8639044073641314,2.083132530120482,3.8353658536585367,4.103296703296703,142.47252747252747,54.16853932584269,30.295774647887324,9.91846153846154,1.6295454545454546,31.65538461538461,31.986153846153844,99.03076923076924,368.24615384615385,17.543181818181818,38.24722222222223,15.02,3.1255384615384614,10.533846153846154,11.061593808524938,49.62004735125374,0
C:\Users\Shreni\OneDrive\Desktop\B.Tech-Project\dataset-cxr\official_data_iccv_final\files\p10\p10018328\s51710812\7ff4e7c7-59ffae35-f3e8c04c-b3e5efc7-ba128f43.jpg,"['Findings: Impression: increased heart size. Mediastinus is generally unchanged, although it is the closest to atelectasi that it is slightly enlarged. Large bilateral pleural effusions are unchanged. There is no pneumothorax.', 'Results: Impression: Cardiomegaly is substantially associated with bilateral pleural effusions, which seem to be large but slightly decreased since the previous study. There are slight vascular retention. There is no pneumothorax.', 'Findings: With ___, M.D. of ____, M.D. on the telephone on ___ at 10:26, 1 minute after discovery of results were discussed. Impression: Compared to breast radiographs __, cardiac silhouette is much larger due to progressive cardiomegaly and probably pericardial effusion. Mild mediastinal magnification is due to the spread of media veins, mirroring the increase in right heart full pressure. Tamponade is clinically excluded. Combination of moderate bilateral pleural effusion and substantial bibasilary atelecasis, perhaps bilateral lower lobe collapse, is new. There is no pulmonary oedema. RECOMMENDATION(S): echocardiography to assess pericardium and heart. NOTE: The findings were discussed with __, M.D. of ____, M.D. on the phone on ___ at 10:26, 1 minute after discovery of the findings.']",0,83,88.81019861854519,17.363636363636363,125.09200924137008,21.863636363636363,1.1017386294239206,8.555555555555555,101.86363636363636,0.6636363636363636,128.22727272727272,18.782608695652176,0.9130434782608696,2.022222222222222,2.788888888888889,3.55,137.36363636363637,13.318181818181818,30.405,10.01,1.1,28.81,32.925,87.5,188.9,12.07,25.2,13.755,3.473,13.47,5.0,43.31,1
C:\Users\Shreni\OneDrive\Desktop\B.Tech-Project\dataset-cxr\official_data_iccv_final\files\p10\p10018423\s50526690\ef0a09f0-9e21694b-d857400f-f002e5c8-8ee47b94.jpg,"['Findings: The postoperative media extension is unchanged after initial improvement. Individual bilateral shocks are unchanged. Biosile-Atelectasis improves. The right IJ center line ends in lower SVC. There is no pneumothorax. Mediansternotomie wires are intact. Impression: Stable postoperative mediastinal extension. Small bilateral shocks are unchanged. Bibasila-Atelectasis are improved.', 'Finds: Heavy cardiomegaly stable. Widespread mediastinum and vascular congestion have improved considerably. There is no apparent pneumothorax. Small bilateral vibrations remain unchanged. Right IJ catheter tip is in unaltered position. Bilateral breast tubes in place Impression: Resolved vascular congestion. There is stable small bilateral effusions. Improved mediastital enlargement', 'Results: Impression: In the distal SVC there is a right IJ midline with distal lead tip. Bibasilar chest tubes have been removed. Heart size is enlarged but stable. At lung bases there are low lung volumes with atelectases. There are no pneumothoraces.', 'Findings: Low lung volumes are recorded. The cardiomediastinal/hilar contours are not remarkable. There is no pleural effusion or pneumothorax. There is no concentrated parenchymal consolidation. Also the represented bones are not remarkable. Impression: No acute cardiopulmonary process.']",1,37,25.0,13.454545454545457,21.0,25.90909090909091,1.7,9.3,99.53846153846152,0.925,106.55555555555556,27.598999993975077,0.8639044073641314,2.311111111111112,3.633333333333333,4.423076923076923,134.92307692307693,17.833333333333332,30.99333333333333,10.541666666666666,1.25,25.566666666666663,31.95833333333333,80.08333333333333,213.5,13.65,68.33333333333333,13.15,4.1258333333333335,9.0,11.061593808524938,37.85833333333333,0
C:\Users\Shreni\OneDrive\Desktop\B.Tech-Project\dataset-cxr\official_data_iccv_final\files\p10\p10019003\s53307223\944d29a1-93b55f59-af7a8a2a-ff06e34f-dd6e4ef6.jpg,"['Results: The lungs are hypoinflated with displacement of the vasculature, mild vascular tightness and bibasilare atelectasis. Heterogeneous retrocardial opacity is present. There is a new small left pleural effusion. No right pleural effusion. Heart size is probably accentuated due to low pulmonary volume and patient positioning. Mediastinal contour and Hila are otherwise imperceptible. Right IJ CVL tip in low SVC. Impression: 1. Right IJ CVL tip in lower SVC. 2. Mild vascular tightness. 3. New small retrocardial turbidity with small left pleural effusion is sensitive for pneumonia in the relevant clinical SVC.', 'Results: Impression: Compared to the examination of ___, the patient took a much better inspiration. Cardial silhouette is now within normal limits, although there seems to be an increased increase in the pulmonary vein pressure. Right IJ catheter extends back to the middle of the SVC.', 'Findings: The tip of an endotracheal tube is 3.8 cm above the Karina. Increased opacity is detected in the left lower lungs with left lung volume loss, in which the aspiration is concerned. The right lung appears clear. The heart size is unchanged. No pneumothorax. Impression: 1. The tip of the ETT is 2.8 cm above the Karina. No Pneumothorax 2. Increased left undernations concern the aspiration. NOTIFICATION: The findings were discussed by Dr. ___ with RN __ on the telephone __ at 4:12 a.m., 5 minutes after finding the findings.', 'Find out: heart size normal above. Mild pulmonary oedema is coarsely unchanged. Bibasilar Atelectasis larger on the right side have improved slightly on the left side. On the right side is the catheter tip at the cavoarial junction. . There is no pneumothorax or pleural effusion. Impression: Mild pulmonary oedema', 'Findings: Impression: Compared to the examination of ___ the cardiac silhouette is within normal limits. Pulmonary vasculature has improved. Bibisolar atelectical changes are observed again. The right IJ catheter is back up to the middle of the SVC.', 'Results: Impression: Comparison with ___. No relevant change. Minor lung volumes. Light atelectase on the right lung basis. Normal size of cardiac silhouette. Mild elongation of descending aorta. Right inner jugular vein catheter in situ.', 'Observations: Impression: The ET-tube tip is 5 cm above the Karinal. The NG-tube tip lies in the stomach. There is an interval improvement of the left basalatelectase, but nevertheless there is a persistent left perihilar opacity, which could represent Residua of aspiration or pneumonia. A re-evaluation of the patient in ___ h is recommended. Mild vascular enlargement is not excluded.', 'Findings: Lungs are well inflated with retrocardial atelectase. No pulmonary oedema. No pleural effusion or pneumothorax. Heart size, mediastinal contour and Hila are inconspicuous. Impression: 1. No pulmonary oedema. 2. Retrocardial atelectase.', 'Results: Impression: Left perihilar consolidation is unchanged. Retrocardial atelectasis improved. Vascular congestion is stable. There is no obvious pneumothorax. Small left pleural effusion is unchanged. Cardiomediastinal contours are stable. Left PICC tip is located in the lower SVC', 'Results: Impression: Cardiomediastinal contours are unchanged. Left perihilare and left lower lumbar densification are unchanged. Mild vascular constipation has improved. Left PICC tip is located in the lower SVC. There is no obvious pneumothorax. Small left effusion is unchanged.']",0,65,14.68103448275862,14.065040650406504,33.06837606837607,24.91869918699187,0.793076923076923,8.62689075630252,104.31451612903226,1.0344827586206895,104.66379310344828,15.652941176470588,1.0588235294117647,1.9366336633663368,4.153465346534653,4.01015625,141.816,20.45402298850575,25.735576923076923,8.26842105263158,1.225,31.263902439024392,32.27512195121951,97.20975609756096,56.99078341013825,13.367307692307692,27.838461538461537,19.5809756097561,2.646439024390244,50.89609756097561,16.78235294117647,64.74752475247524,0
C:\Users\Shreni\OneDrive\Desktop\B.Tech-Project\dataset-cxr\official_data_iccv_final\files\p10\p10019385\s50113144\6b6e0e51-b68c5f48-9d36ee8b-6d6ed475-3dde56bc.jpg,"['Results: Impression: Opposite the breast radiographs ___ by ___. Pulmonary volumes remain quite low, with bibasilary atelectasis, moderate right, stronger left, accompanied by small pleural effusions, more left than right. No pneumothorax. No pulmonary oedema.', 'Finds: Sternotomy. Right IJ midline tip in low SVC. Very shallow inspiration. Left chest tube has been removed. No pneumothorax. Slightly improved left basitar opacity. Probably small left pleural effusion, improved. Light right basilar opacity, probably atelectasis, more prominent. Impression: Slightly improved left basilar opacity. Slightly deteriorated right basilar opacity.', 'Findings: After CABG changes. The cardiomediastinal shade is unchanged. Bilateral pleural effusion showing slight interval progression. No pulmonary oedema. No air-space compression. No pneumothorax. Impression: Easy interval enlargement in the size of the bilateral pleural effusion. Post-pericriotomy syndrome should be excluded.', 'found: The patient is status post-mediane sternotomie. There are bibasilare atelectasis. The cardiac silhouette is top-normal to slightly magnified. Mediastinal contours are not noteworthy. No large pleural effusion can be seen although traces of pleural effusion are difficult to exclude. If pleural effusion is present, it decreases compared to the previous study. Impression: If traces of pleural effusion are present, there is decrease in size compared to the previous study. Basilare Atelectasis.']",1,44,46.0,16.533333333333335,24.0,26.266666666666666,0.4,9.725,98.6,0.9142857142857144,135.07692307692307,17.75,0.7,2.2,4.95,4.557142857142857,136.71428571428572,20.571428571428573,40.30625,13.04,1.0666666666666669,29.32857142857143,32.23571428571429,91.0,213.7142857142857,11.6,58.91,13.657142857142857,4.5,11.107142857142858,11.7,45.55,1
C:\Users\Shreni\OneDrive\Desktop\B.Tech-Project\dataset-cxr\official_data_iccv_final\files\p10\p10019568\s52687854\fde7e7f7-a39feb1b-b5edf64a-d7be38ab-3d0e076c.jpg,"['Finds: AP portable supine view of the breast. Underlying trauma board is noted. It has the placement of a left Pigtail chest tube with its tip project over the left center of the lung peripheral. There is turbidity that may represent the tip of the chest tube, which may be a focus area of Atelectasis. There is no supine evidence for pneumothorax or large effusion. Cardiomediastinal silhouette seems normal. Numerous left rib fractures are better on the same day CT chest. Impression: Interval placement of the left Pigtail breast tube. No remainder Pneumothorax identified on this supine radiograph.', 'The tip of the left chest tube is somewhat different in position, is now located along the inner surface of the left chest wall, near the place of chest fractures. The small focus of the atelectasis in the left center of the lung is somewhat more linear at this time. No definitive pneumothorax is identified. Minimum atelectasis in the left costophrenic angle is new. Probably there are also slight atelectasis on the right base for a weak opacity. No CHF or Frank consolidation. No right embossing. The cardiomediastinal silhouette is unchanged, allowing differences in the position. Several rib fractures are noted again, best shown on the ___ CT scan. Incidental note from an old cured right proximal humer fracturing, with soft tissue fixing anchor over the right humeral head. Impression: 1. Slight change in the position of the left chest tube, with lace now along the inner area of the left middle chest wall. Ask for gentle interval withdrawal. No Pneumax identified.', ""No more correction is made to the left ventricle's tail catheter compared to the previous x-ray image of the chest. No convincing pneumothorax is identified, but fractures on the left chest wall can be seen again. Linear opacity on the left chest wall in the left centre of the lungs, in relation to the original position of the catheter, is noticed again. A weak, somewhat rounded opacity in this new area can be detected, representing local contusion or hemorrhage, which measures about __.6 mm in diameter. Bibasilar athelectasis is again noted. The hazy component previously seen on the right floor is less pronounced. No CHF or franc consolidation is found. Minimal dulling of both cosophrenic angles without gross effusion. Probable background COPD. The cardiomediastinal silhouette is unchanged. New linear wire density probably represents an epidural catheter. Impression: 1. Linked pigtail catheter is no longer visualised."", 'Results: No signs of a pneumothorax. Several rib fractures on the left side are to be seen again. The area of linear opacity beside the left chest wall in the left centre of the lung appears unchanged, according to the original pictail catheter site. Links-based atelectasis is increased over the interval as well as a left pleural effusion, which is now small to moderately large. Cardiological silhouette is unchanged. Impression: 1. No pneumothorax. 2. Interval increase of the left-side pleural effusion, which is now small to moderate size. NOTIFICATION: These findings were discussed with Dr. ____ by Dr. ___ at 13:15 am __ at the time of discovery.']",0,59,88.81019861854519,12.5,125.09200924137008,26.0,1.1017386294239206,8.8,100.0,0.6,101.0,27.598999993975077,0.8639044073641314,1.85,3.95,4.4,134.0,11.0,37.833333333333336,12.7,0.9,32.7,33.46666666666667,97.66666666666669,178.5,9.8,31.4,14.266666666666666,3.88,11.266666666666666,11.061593808524938,49.62004735125374,1
C:\Users\Shreni\OneDrive\Desktop\B.Tech-Project\dataset-cxr\official_data_iccv_final\files\p10\p10019777\s53481915\775594ee-bf56272d-f0f025e6-dc13b6c2-7c9d0684.jpg,"['Findings: There was an interval placement of an endotracheal tube with tip that ended approximately 2.2 cm from the Carina. Enteric tube is with lace coursing below the left haemidiaphragma, in the stomach with tip from the lower edges of the film. Cardial and mediastinal contours are unchanged. There are mild upper zone vascular redistribution with crowding of bronchovastic structures, likely with supine AP positioning and low lung volumes. Patchy opacities in the right center lung field and right lung base can reflect areas of aspiration and/or atelectasis. No pleural effusion or large pneumothorax is detected on this supine examination. There are no acute mismatches. Impression: 1. Endotracheal tube is low, rotates approximately 2.2 cm from the carina, and can be withdrawn for optimal positioning by 1 cm. 2. Enteric tube in the standard position. 3. Low lung volume with patchy mid-range and lower-range lung, possibly due to alecte lung field, possibly due to apte.', 'Findings: Impression: Compared to the previous X-ray, the patient received a nasogastic tube. The course of the tube is unnoticed, the tip of the tube projected in a prepyloric position. No indication of complications.', 'Results: Compared with the previous X-ray image of the chest, all lines and tubes have been removed. Bilateral lung penetration has dramatically improved. There is a small left pleural effusion. There is a subtle right basilar exercise. Heart size is normal. Mediastinal and hierarchical contours are normal. Pulmonary vasculature is normal. There is no pneumothorax to be seen. Impression: 1. Small left pleural effusion. 2. Subtle right basal opacity that may represent a residual pneumonia.', ""Discovery: The lung volumes are small, which results in displacement of pulmonary bronchodiscular structures.The heart is not enlarged. The cardiomediastinal contour is unchanged compared to previous studies. There is a persistent subtle clouding of airspace in the right to lower lungs, which may reflect residua of the patient's known pneumonia.The left lung is clear. No pleural effusion seen. Radiopaque material in the left upper quadrant, which corresponds to a prior spleen embolization. Impression: No significant interval changes compared to the previous study."", 'Findings: The tip of the endotracheal tube projects towards the right mainstem bronchus and should be withdrawn. Kinking of the right inner jugular vagina is again noted. Left pleural effusion and left lower flap atelectasis have increased since the previous study. Small right pleural effusion is likely. Heart size and medial contours are within normal limits. Right lower flap pneumonia has worsened since the previous radiography. Impression: 1. Low position of the endotracheal tube should be retracted. 2. Persistent kinking of the right inner jugular sheath. 3. Bilateral pleural effusion, left more than right, with moderate left flap atelectasis. 4. Right lower flap pneumonia fades away since the previous radiography.', 'Finds: In the right middle, there is a possible subtle turbidity. Otherwise, the lungs are clear without focusing, pleural effusion, pneumothorax. There is no pulmonary oedema. The heart size is normal. The mediastinal and hierarchical contours are normal. No signs of intraabdominal open air are observed. Impression: Subtle Right Midlung impermeability, unspecific. No indications of intraabdominal free air. RECOMMENDATION(S): Repeat with PA and side suggested.']",1,51,49.0625,14.210526315789474,61.125,27.210526315789476,1.4411764705882353,7.994736842105263,102.52631578947368,0.6421052631578947,129.1578947368421,27.598999993975077,0.8639044073641314,2.1578947368421053,2.9631578947368418,3.8473684210526313,140.05263157894737,17.526315789473685,26.394736842105264,8.735135135135135,1.3111111111111111,28.510810810810813,33.005405405405405,86.35135135135135,319.1081081081081,14.316666666666666,26.52777777777778,15.32162162162162,3.0664864864864865,14.954054054054051,11.061593808524938,48.04324324324324,1
C:\Users\Shreni\OneDrive\Desktop\B.Tech-Project\dataset-cxr\official_data_iccv_final\files\p10\p10020306\s52734703\2fb26141-53299ac5-d2863c1a-c105bd8c-5e899f59.jpg,"['Results: Compared to the ___ X-ray image, the marked increase in the right haemidiaphragm has slightly increased, with persistent adjacent linear atelectase or scar formation. Lung are otherwise distinct and cardiomediastinal contours are stable in appearance. No pleural effusion. Impression: No radiographic evidence of an active or latent lung tuberculosis infection. Chronic increase in the right haemidiaphragm.', 'Results: Stable, chronically increased right haemidiaphragm with moderate, right lower lobe atelectasis. Small, stable breast calcification projects next to the left ventricle as seen in CT. No pneumothorax or pleural effusion. Left lung clear. Heart size, medial contour and Hila appear normal. No bony anomaly. Impression: Chronic stable elevation of the right haemidiaphragm with moderate, right lobe ateectasis.', 'Results: The marked elevation of the right haemidiaphragm is similar as before. There is no focal consolidation, effusion or pneumothorax. The cardiomediastinal silhouette is usually normal. Image-like ossetous structures are intact. No free air below the right haemidiaphragm can be seen. Impression: Marked elevation of the right haemidiaphragm is similar to before. No acute intrathoracic process.']",0,74,121.52941176470588,13.714285714285714,80.83333333333333,29.428571428571427,0.58,9.57857142857143,100.01886792452832,1.1265625,174.47826086956522,35.723684210526315,0.8947368421052632,1.926315789473684,3.555555555555556,4.650819672131147,142.65625,22.761904761904763,36.12380952380953,10.926190476190476,1.6842105263157894,26.978571428571428,30.23095238095238,89.38095238095238,261.6666666666667,18.23684210526316,62.23,16.173809523809524,4.050476190476191,5.640476190476191,9.907894736842104,52.748717948717946,0
C:\Users\Shreni\OneDrive\Desktop\B.Tech-Project\dataset-cxr\official_data_iccv_final\files\p10\p10020740\s51970847\e6fc6d7b-f88744b6-6a47d5ea-6ec8196e-31103898.jpg,"[""Findings: Impression: Compared to the study of ___, low pulmonary volumes, accentuating the transversal diameter of the heart, are recognisable. On the bases, we see a small right pleural effusions extending along the lower chest wall. On the bases, we see slight atelectatic changes. The right PICC line can't be seen optimally, although it seems to be within the brachiocephalic system. The right ribs cannot be detected optimally, so that the possible fracture of the lateral aspect of the sixth rib cannot be assessed."", 'Findings: Impression: In comparison to the study of ___ the left subclavian catheter was pulled back into the region of the intersection of the brachiocephal vein with the upper venous cavity.', 'Findings: Cardioal, mediastinal and hilarous contours are normal. Lung clear. Pulmonary vessels are normal. No focal compression, pleural effusion or pneumothorax is detected. No pneumoperitoneum can be seen. A bile stent is shown in part in the upper right quadrant of the abdomen. Impression: No acute cardiopulmonary anomaly. No subdiaphragmatic free air.', 'Results: Impression: New endotracheal tube in standard position. Nasogastric tube goes into the upper stomach and should be advanced 5 cm to move all side ports beyond the gastroesophageal crossing. Lung volumes have generally improved, especially in the right lower lobes below the right hemidiaphragm is still increased. Residual consolidation in the lower lobes may be atelecatis or pneumonia. Heart size normal has declined significantly since earlier a day. Left PIC line ends at the origin of the SVC', 'left lung is clear. Left heart boundary is normal. Left PIC line ends at the origin of the SVC. Impression: progressive elevation of the right lung base paired with deteriorating consolidation in the lower lungs suggests a severe atelectase. There are also moderate right pleural discharges downwards. The right bronchial tree is poorly defined. The findings indicate large aspiration or difficulty in clearing secretions. Left lung is clear. Left heart boundary is normal. Left PIC line ends at the origin of the SVC.', 'Findings: Impression: NG pipe tip is located in the stomach. Lung bases are essentially imperceptible. The central venous line tip probably ends at the level of cavorial crossing. Otherwise no abnormalities shown in the limited part of the lungs. Biliare Stent is projected over the right upper abdomen.', 'Finds: Impression: No previous images. An endotracheal tube with its tip is placed about 3 cm above the carina. Nasogastric tube extends far in the stomach. Right subclavian catheter extends to the height of the carina. Mild Basilar Atelectic changes without signs of acute pneumonia or vascular flooding. There may also be a small right-hand pleural effusion.', 'Results: Impression: ET-tube tip lies 4 cm above the Karinale. NG-tube tip is located in the stomach. Left PICC-line tip is superior at the height SVC. Heart size and mediastinum are stable. Lungs are essentially clear. No pleural effusion or pneumothorax.', 'Finds: Impression: As before, the left PIC line ends in the upper right atrium, taking back 2 cm to position it low in the SVC if desired. Nasogastric Tube ends in the upper stomach. Pulmonary zone volume, but apart from a band of linear atelectasis or scarring on the left side, there is clear. Heart size is normal. No pneumothorax. Thickening of the right lower kestral pleural edge can be scarring or a small effusion.', 'Findings: Impression: I doubt that significant changes occur in comparison to a day earlier because technical differences and partial darkening of the upper chest are possible.', 'Results: Impression: Endotracheal tube has been removed. The feeding tube and the PICC line on the left side are unchanged in position. There are slightly low lung volumes. There is no gasket protection. At the lung bases there is a slight Atelectasis. There is no pneumothoraze.', 'Findings: Impression: Compared to the previous study from this date, there is and the placement of a Dobbhoff Tube, whose tip extends directly below the esophagogastric crossing. It should be moved forward at least 10 cm if possible.', 'The results were discussed by Dr. ____ with Dr. ___ on phone on ___ at 12:24 PM, 2 minutes after discovery of the results. __________________________________________________________________________________________________________________________________________________________________________________________________________________________________________________________________________________________________________________________________________________________________________________________________________________________________________________________________________________________', 'Results: Impression: Compared to the previous radiograph, the pulmonary volumes remain extremely low. The position of the endotracheal tube, the nasal pipe and the correct PICC line are constant and normal. Mild atelectase at both pulmonary strains. Minimal fluid overload, but no open pulmonary oedema. No larger pleural effusion.', 'Results: Impression: Mild interval aggravation of the bibasilars atelecitasis. Small right injections are probably unchanged. Low inspiratory volume persists. No definitive Pneumonic infiltrate is detected, but the possibility of a subtle early infection infiltrate would be difficult to rule out.', 'Results: Impression: NG-pipe tip is in the stomach. Heart size and mediastinum are unmarkable. Lung are essentially clear. Left PICC-line tip is located on the plane of the lower SVC. No pneumothorax or tangible pleural effusion demonstrated.', 'Results: Impressions: Compared to the previous x-ray image, the patient has gotten a nasal response. The tube tip is in pyloric position. The middle parts of the tube are slightly rotated in the stomach. The left PICC line is unchanged. No signs of complications, no pneumothorax. No pleural effusions. No pneumonia.', 'Findings: It has interval placement of the ET tube ending 5.5 cm above the carina. Left PICC line ends in the center SVC. NG tube ends in the stomach, but its side port seems to be improving at the GE junction. Left lower lobe Atelectasis. There are new right center lung atelectasis. A small right pleural effusion is visible. Impression: NG tube side port is at the GE node. The ET tube is considered a satisfactory position. NOTIFICION: The results were discussed by Dr. ___ with RN on the phone on ___ at 13:21, 1 minutes after discovery of the results.', 'Insight: Impression: Compared to the earlier study on this date, there was the placement of a Dobbhoff tube, which appears to spline onto itself in the upper esophagus. The following study showed that it was pushed forward so the peak was just below the level of the cardio-oesophageal compound.', 'Results: Impression: LIVE LAW IN VOLUME BUT PURIFICATION. SMALL LIVE PLEURAL ABNORMALITY ON THE LEGAL LATERAL COST MARKET FOR SMALL PLEURAL FLUSION ARE APPLICABLE AT THE DEPENDENT STUDY ANNUAL IMPLEMENTATION OF A NON-DISPRACTICAL ROAD IN THE LATER ASPECT OF THE FRACTURE OF THE RIGHTS SIXTH AREA WHERE THE FINDING OF SMALL PRESENTS SHALL BE FURTHER RADIOGRAPHY OR THE RADIOGRAPHY ANALYSIS AND YOU CAN NOT BE a PNEUMOTHORRAX. NORMAL CARDIOSTIOSTINAL SILHOUETTE.']",1,56,63.56521739130435,13.403225806451612,62.69565217391305,27.306451612903224,0.6304347826086957,8.192307692307692,103.57575757575758,0.9876923076923078,214.71875,27.598999993975077,0.8639044073641314,1.8622641509433964,3.630188679245283,4.15,140.1060606060606,15.015625,30.58909090909091,9.825925925925926,1.3125,26.966037735849056,32.092452830188684,84.05660377358491,165.1509433962264,14.3625,28.673333333333336,16.341509433962266,3.683584905660377,5.564150943396226,11.061593808524938,45.8,0
C:\Users\Shreni\OneDrive\Desktop\B.Tech-Project\dataset-cxr\official_data_iccv_final\files\p10\p10020944\s52441819\6c9319dc-f2b33d0c-0c63b36d-ad7b5de1-67e2afd4.jpg,"['Findings: Endotracheal tube, right inner juvenile mean venous catheter, and enteric tube are in the correct position. Durable collapse of the right lower lobe with expected shift of heart and mediastinum to the right. The cardiomediastinal silhouette is stable. There is no focus consolidation. Mild pulmonary oedema is somewhat worse. Linear clouding at the left base probably represents atelectase. There is no large effusion or pneumothorax. Impression: 1. Corresponding positioning of lines and tubes. 2. Persistent collapse of the right lower lobe, unchanged. 3. Mild pulmonary oedema, slightly worse.', 'Results: Compared to the study earlier in this time, the endotracheal tip is in a similar position, far above the carina. Left subclave catheter is unchanged, as is the appearance of the heart and lungs. Impression:', 'Findings: Unchanged left PICC. Ventilation of the right lung is essentially unchanged. Right lower praise compaction, which can represent pneumonia, aspiration or atelekasis, is unchanged. Cardiomediastinal contours are stable. Impression: No significant change since ___.', '2. 6 mm nostril in the upper chamber of unclear clinical significance, but attention to this area is recommended. Endophalelation samples 3. Detonation doses 3. Endophalelation: It is an exposure caused by right rotation of the patient. Because of this restriction, the right lower lung is covered by a combination of atelectasis caused volume loss with right-mediastal shift to the right and possible pleural effusion. In the ventilation half of the right lung there may be vessels at the end. It is a left-sided effusion light. There is no indication of pneumothorax. Old bilateral rib fractures are found. An endotracheal tube is seen which ends approximately 4 cm above the Karina. An Atelectasis or pleural tube ends beyond the oesophageal cross with the tip from the point of view. Artifact from the external monitoring and supporting equipment is present.', 'Findings: Compared with the previous study, an apparent increase in the size of a partially layered left pleural effusion has been observed. The rest of the study remains unchanged since the last study. Impression:', 'Findings: Wearable upright chest radiograph shows unchanged right-wing jugular central venous catheter and endotracheal tube, ending at the level of the clavicles. The lung volumes are again low, with partial collapse of the right central and lower lobe. The left lung is blatantly clear. There is no pleural effusion or pneumothorax. Impression: Further partial collapse of the right central and lower lobe without evidence of pulmonary oedema.', 'Findings: There is an interval removal of the right inner jugular central venous line. The catchy tube, the endotrache and the left PICC line are stable. The size of the heart is stable. There is a continuous partial collapse of the right lower pelvis without new parenchymal opacity. Impression: permanent volume loss at the right lung base with stable support devices. Interval removal of the right inner jugular middle venous line.', 'Results: A new IJ line is identified and ends with the middle SVC. There is no evidence of pneumothorax. Otherwise there is no significant interval change compared to the previous examination, with an opazification of the right lower lung field, probably a combination of at least some atelectasis and possible consolidation/pleural effusion. The ventilated part of the right upper lung shows changes in the interstitial oedema. The left lung is clear. There is no change in the position of the endotracheal tube. The NG pipe tip is from sight. Significant bilateral carotid calcifications are shown. Impression: New IJ line ends in the center of the SVC. No sign of pneumothorax. Otherwise there is no significant change compared to the recent radiographic examination in the chest basket.', 'Results: There was interval extubation and removal of the enteric tube. The left PICC line ends in the middle SVC. Lung volume is low and the heart size increased. Collapse of the right lower plunger is persistent. There is an improvement of pulmonary oedema. Small right pleural effusion is unchanged. No pneumothorax. Impression: Further right lower flap collapse. Interval extubation and enteric tube removal. Improvement of the pulmonary oedema.', 'Results: Comparison with a previous study from ___. There is an endotracheal tube whose tip is 5.2 cm above the carina. Feeding tube and left subclavian midline are unchanged in position. There is an unchanged cardiomegaly. There is a left retrocardiac opacity. There is a moderate right basilia pleural effusion. There is a mild pulmonary oedema and there are no pneumothoraxes. Impression:', 'Results: Comparison with the previous study of ___. Endotracheal tube and centerline are unchanged in position. The location of a lining pipe with distal tip is below the field of view and is located in the stomach. There is cardiomegaly. There is atelectasis on the lung bases. There is no open pulmonary oedema or pneumothoraces. Impression:', 'Findings: Interval improved ventilation of the right lungs, with remainder of partial atelectase of the right middle and right lower rags. Also a small right pleural effusion system is available. The left lung is roughly clear except for the minimal patchy atelectase at the base, partially improved by the previous study. Impression:']",1,72,24.33333333333333,12.6,58.333333333333336,30.23809523809524,0.3666666666666667,8.519047619047619,101.14285714285714,1.638095238095238,97.52631578947368,27.598999993975077,0.8639044073641314,1.9190476190476196,3.5047619047619043,4.19,139.61904761904762,23.61904761904762,33.21578947368421,10.205555555555556,1.2000000000000002,27.22222222222222,30.64444444444445,88.83333333333333,183.44444444444449,13.166666666666666,39.888888888888886,15.694444444444445,3.750555555555556,6.872222222222223,11.061593808524938,49.62004735125374,0
C:\Users\Shreni\OneDrive\Desktop\B.Tech-Project\dataset-cxr\official_data_iccv_final\files\p10\p10021487\s50316375\247d6722-c9edd24c-4566f541-3c51a14b-421ddb93.jpg,"['Findings: Frontal and lateral views of the breast show healing right-side rib fractures. In a large airfluid collection under an elevated right hemidiaphragm that is compatible with the well-known necrotic right-hand liver lobe, the air proportion increases. Otherwise the lung is clear in right-most-left-basilary atelectasia, and a large right-right pleural effusion function is recommended. The heart structure and mediastinal contour are normal. Impression: 1. Poor visualization of the right-hand rib fractures. In case of additional back fracture, this is recommended. 2. Large airfluid level within the necrotic right-hand liver lobe as well as the increase of the right-hand hemidiaphragma with the right-hand base atelectase and small pleural effusions.', 'Findings: Endotracheal tube and Nasogast tube lie within the norm. There is also a right-side median vein line with the distal lead tip in the Katharin Cross. There is moderate cardiomegaly. There are mild fluid overloads and a left retrocardial opacity that is stable. Impression:', 'Results: Impression:', 'Statements: Impression:', 'Results: After repositioning the endotracheal tube, the tip ends 6 cm above the Karina and is sufficiently positioned. The left subclavian line is located in the middle of the SVC and the orogastric tube ends in the stomach. A violet-like turbidity in the right lungs indicates moderate right pleural effusions, a left retrocardial increased turbidity, which is probably a combination of atelectasis and/or small effusion. No interval changes in the lungs. Impression:', 'Results: Compared to the previous radiograph, there are no relevant changes. Total opacity of the right hemithorax, signs of fluid overload left. Moderate cardiomegaly. Unchanged monitoring and support devices. Impression:', 'Results: The bilateral lung volumes are low. The tip of the endotracheal tube lies 5.5 cm above the carina, the orogastric tubes end up in the abdomen, and the left subclavian line is located in the center of SVC. Since yesterday the increased retrocardial turbidity is better. Mild to moderately enlarged heart size is stable, medium and milare contours are imperceptible. No discrete turbidities in the right lung. Impression: Mild retrocardial turbidities, weakened since yesterday, either atelektase or aspiration. Associated infection cannot be excluded. No new burning points in the right lung.', 'Results: Impression: AP chest compared to ___. Veil-like turbidity over the right hemithorax is probably largely pleural effusion, but it darkens the lungs and makes it impossible to exclude interstitial oedema or even lower lobe atelecasis. On the left side the turbidity on the bases is so difficult that it is likely to diagnose collapsed, alternatively pneumonia. The left pleural effusion is small and left lung shows a mild oedema. Mild heart augmentation is stable. Left subclavian line ends in upper SVC. Nasogastric tube goes into the stomach and from sight.', 'Results: Impression: A questionable lucence at the right lung base. Recommended: Repeat upright and, if possible, laterally CXR. This was called at Dr. ___ on ___ at 10:46.', 'Finds: In comparison to the investigation of ___ there is hardly any general change. Monitoring and supportive devices are preserved. There are somewhat lower lung volumes. The enlargement of the cardiac silhouette persists with a certain predominance of higher mediastinum to the right. An extensive delusion at the right base is consistent with volume loss and pleural fluid. The left lung is essentially clear. Impression:', 'Findings: Compared to the previous X-ray, the position of the monitoring and support equipment is unchanged. The right lung bases show a slightly improved ventilation with a sustained right pleural effusion. To the left, the picture is unchanged. Mild fluid overload, moderate cardiomegaly. No pneumothorax. Impression:', 'Results: Four frontal shots of the chest show a Dobbhoff tube, which folds over the belly and reaches back into the esophagus height in the center of the chest. Further picture shows that the Dobbhoff tube can be folded over the stomach and penetrate into the distal esophagus. From the conversation with the medical team, it is apparent that the tubes were located at the top in the middle of the chest and subsequently positioned at the distal esophagus to the tip of the tube. The chest radiograph is otherwise essentially unchanged from the imaging on the same day. A further turbidity at the right lung base is shown again, corresponding to the volume loss and the small right effusion. There is no Pneumothorax. Cardiomediastinal silhouette is unchanged. Impression: The Dobbhoff tubes are seen in two different positions, both of which demonstrate that the tube tip is located within the esophagus. The tube has to be repositioned in order to place the tip in the stomach otherwise unchanged.', ""Findings: A single portable semi-erectal breast radiograph was found. Pulmonary replacement decreased. Moderate to great overlayering of the right pleural effusion increased. Localized intraabdominal air projects via the right lung base. Central pulmonary vascular clogging is similar. Cardiomegaly is unchanged. An endotracheal pipe ends 2.5 cm above the carina. An enteric tube runs under the film. A right subclavian catheter ends at the cavoatrium crossing. Impression: Increase in the right pleural effusion since yesterday's test."", 'Results: Impression:', 'Results: The comparison with the previous study from ___. Endotracheal tubes, feed tube and right-sided subclaviankatheter is unchanged in position. There are again very low lung volumes due to bad inspirational efforts. There are punctures of pulmonary vascular markers indicating a moderate pulmonary oedema. No pneumothoraks are observed. Impression:', 'The left lung is very widened and clear. The right lung shows a reduced right pleural effusion with a restatelectase, but no Pneumothorax evidence. Heart remains of normal size. Normal cardiomediastinal silhouette. Impression: Interval reduction of the right pleural effusion without indication of Pneumothorax after thoracentesis.', 'Results: Impression: Unchanged pulmonary oedema and low lung volumes.', 'Results: A comparison is made with previous study from ___. The endotracheal tube, the feeding tube and the right venous line are also visualized. There is bilateral pleural effusion, on the right side larger than on the left side. Also in the right lung an increased density by layering pleural effusion is likely. There are left retrocardial cloudiness as well as a prominence of pulmonary markings that correspond with the pulmonary oedema. Impression:', 'Findings: The monitoring and supporting devices remain unchanged compared to the previous X-ray image. There are unchanged signs of hyperlucency at the right base of the hemithorax without clear morphological attributes. Immodified moderate cardiomegaly. Minimal fluid overload. Mild retrocardial atelectasis. Impression:', ""Results: Impression: AP breast compared to ___, 16:57: There are definitely more opacification projections over the right lung now than before, but I'm uncertain what it is, probably Basilar-Atelectasis and new pleural effusion. Left lower lobes is clearly strong atelectic. Increase in pulmonary vascular calibre compared to film, when the patient was supine indicates volume overload. Left subclavian line ends centrally. Left axillare PICC line on the previous examination is probably still present. ET tube in standard position. Nasogastric tube goes into the stomach and out of sight. No pneumothorax."", ""Results: Veil-like turbidity in the right hemithorax is largely effusion, if one of these is secondary to Atelectasis or co-existing pulmonary oedema difficult to determine. There's an indication of a slight left lung oedema, unchanged since yesterday. Left small pleural effusion is suspected and stable. Mild to moderately enlarged heart size and slightly restricted pulmonary vasculature is similar. Endotracheal tube tip __.3 cm above the carina should be advanced for safe seats 6 cm wide. An orogastrical tube ends in the stomach and is adequately positioned, and a subclave line tip is located in the center of the SVC. Dr. ___ communicated the findings regarding the position of Endotracheal tube with NP, ___, by telephone on ___ around 9:20 in the morning one minute after the discovery. Impression:"", 'Finds: Endotracheal tube ends 5 cm above the Karina, Orogatric tube ends in the stomach and left lower piano line tip is located at the center SVC. Veil like opacity in the right lung for a mild to moderate effusion is unchanged, as ___. Increase in retrocardial density indicates left lower lung atelectase and / or consolidation is similar. Pleural effusion when any on the right side is small and stable. Impression:', 'Results: PA and side view of the chest were achieved. Since the pre-examination there were no notable changes. The right pleural effusion with the right basalatelectasis is essentially stable. An air-flowing level in the upper right quadrant corresponds to a collection in the right liver lobe, assessed better on the previous CT scan. The left lung remains clear. No clear signs of a new consolidation. No pulmonary oedema. Overall, cardiomediastinal silhouette works stable. Bony structures are intact. Impression: No significant change with the stable right pleural effusion with the basilaratelectasis and the air-fluid level in the upper right quadrant compatible with the well-known right liver lobe collection.']",1,43,90.52727272727272,11.34065934065934,194.61818181818185,27.725274725274726,1.5945454545454545,7.747560975609756,104.17204301075267,0.8468085106382978,121.26666666666668,27.598999993975077,0.8639044073641314,2.048780487804878,3.340740740740741,4.187096774193548,139.03225806451613,18.47872340425532,29.880681818181817,9.326506024096386,1.4024390243902438,27.83734939759036,31.05421686746988,89.63855421686748,286.50602409638554,14.929268292682927,29.58947368421052,15.790361445783132,3.3513253012048194,7.6734939759036145,11.061593808524938,49.62004735125374,0
C:\Users\Shreni\OneDrive\Desktop\B.Tech-Project\dataset-cxr\official_data_iccv_final\files\p10\p10021666\s51474885\790f6583-cd0d29ba-d0e70c88-18ec61a3-5e23ce11.jpg,"['Finds: There is a left-side AICD with lead tips in the right atrium and in the right ventricle. There is a feeding hose with tip and lateral port below the gastroesophageal junction. Cardiomegaly which is stable. At the left base there is Atelectasis. There are no pneumothoraxes. The pulmonary vascular markers are easily visible, without open pulmonary oedema. Impression:', 'Testimonials: Established AP radiography on the bed of breast shows clear lungs beside a persistent left infrahilar atelecitasis. There is no pneumothorax, pleural effusion or pulmonary oedema. Severe cardiomegaly with a calcified apical ventricular aneurysm is unchanged. AICD and two lines are unchanged. A nasogatic tube is seen and coursing through the oesophagus, in the stomach, and from field of view. Impression: Stable left infrahilar ateletasis without new clouding of air space regarding pneumonia.']",1,87,28.0,14.846153846153848,29.0,26.923076923076923,0.9,8.683333333333332,106.78571428571428,1.353846153846154,133.53846153846155,27.598999993975077,0.8639044073641314,2.3181818181818183,2.645454545454545,3.757142857142857,144.85714285714286,26.153846153846157,34.2,10.990909090909092,1.0,32.56363636363636,32.10909090909091,101.63636363636364,175.27272727272728,10.7,26.2,15.418181818181818,3.372727272727273,10.754545454545454,11.061593808524938,49.62004735125374,0
C:\Users\Shreni\OneDrive\Desktop\B.Tech-Project\dataset-cxr\official_data_iccv_final\files\p10\p10021938\s50014720\379d6359-5da011d0-923f27c3-252cf8c1-9b2b1abc.jpg,"[""Finds: A single frontal portable x-ray graph of the breast was obtained. The heart is mildly enlarged. From the Hila and Kerley B lines and the vascular cephalitization, diffuse interstitial opacity defects are derived, which correspond with a slight interstitial pulmonary oedema. A ___mm-nodula opacity projects lie exactly above the right Costaphrenin angle. The medial contours are normal, the right hilu is bulbous in appearance. There is no pleural effusions. No pneumothorax. Impression: 1. Mild cardiomegaly with slightly interstitial pulmonary oedema. 2. __mm-nodula opacity superior to the right costophrenic angle, probably a calcified lung node. A further evaluation with conventional radiographs should be performed once the patient's fluid status is normalized. 3. Bulbous display of the right hius should be reevaluated on the same conventional radiographs as #2."", ""Findings: chest front and side radiographs. Compared to the previous X-ray, the patient's fluid overload status has improved and there is no indication of pulmonary oedema. No pleural effusion or pneumothorax is estimated. The cardiomediastinal contour has improved in the interval. A stormy aorta is again observed. The previously observed opacities at the right lung base may have been a function of the enorgevasculature and are no longer visible. Impression: Interval resolution of a pulmonary oedema with no longer visible right lobe opacities, which possibly had worn vessels."", 'Findings: AP and side view of the chest. The lungs are free of focal compression or pulmonary vascular congestion. There are no infusions. The cardiac silhouette is slightly enlarged. descending thoraxaorta is agonizing. No acute osseous anomaly is detected. Hypertrophic changes in the thoracic spine. Impression: Cardiomegaly without acute cardiopulmonary process.']",1,65,8.0,25.75,4.0,24.625,0.5,8.3375,94.66666666666669,9.81111111111111,112.375,27.598999993975077,0.8639044073641314,3.0,6.5625,5.577777777777778,139.66666666666666,63.2,33.93,10.644444444444444,1.15,27.044444444444444,31.0,87.11111111111111,277.77777777777777,12.6,32.4,16.155555555555555,3.938888888888889,8.7,11.061593808524938,49.62004735125374,0
C:\Users\Shreni\OneDrive\Desktop\B.Tech-Project\dataset-cxr\official_data_iccv_final\files\p10\p10022041\s55830708\0ea7a462-63f9196e-19228a23-f1298992-7c9596c5.jpg,"['Findings: Compared to the previous x-ray, the patient has been unearthed. No pneumonia, no pulmonary oedema, no pleural discharges. No pneumothorax. Moderate cardiomegaly with tortuosity of the thorax orta. Clips that jump forward on the left shoulder. Impression:', 'Results: Compared to the study of ___, cardiac silhouette remains at the upper limits of the normal size or slightly enlarged in a patient with relatively low lung volume. No definitive vascular build-up or acute focal pneumonia. By the way, before healing the distal right crimp and fixation device over proximal left humerus precipitated. Impression:', 'Findings: Single supine view on the chest. Endotracheal tube is seen with tip 5 cm from the carina. Feeding tube from the lower area of view. Vague linear right basilica opacity is the most suggestive atelectasis. Anywhere the lungs are coarsely clear and the cardiomediastinal silhouette is within normal limits. Probably chronic deformity of the lateral right claw. Potential acute deformity of the proximal left humerus is incompletely visualized. Impression: Expected position of the endotracheal tube. Probable right basilare ateltecasis. Potential acute deformity of the proximal left humerus is incompletely visualized.']",1,64,33.666666666666664,12.0,68.66666666666667,25.0,0.8,8.042857142857143,102.625,0.5875,145.25,27.598999993975077,0.8639044073641314,1.9,2.085714285714286,3.4375,136.125,8.75,31.600000000000005,10.85,1.1,35.53333333333333,34.35,103.33333333333331,310.3333333333333,11.95,32.55,12.766666666666666,3.055,11.45,11.061593808524938,49.62004735125374,1
C:\Users\Shreni\OneDrive\Desktop\B.Tech-Project\dataset-cxr\official_data_iccv_final\files\p10\p10023117\s50130952\5406490b-a59f8656-0ad34a77-604b2e25-21d671d6.jpg,"['Results: Moderate cardiomegaly is also long. Lungs are coarsely clear and there is no pulmonary edema. Transvenous right- and left-ventricular temporal and right-ventricular temporal defibrillator spinnings remain unchanged since ___ this pointed to the replacement of the previous left ventricular lead and the insertion of a new one in the right atrium. Impression: PA and lateral chest compared to ___ by ___: No pneumothorax, pleural effusion or new mediastinal extension. Extensive extrapleural fat deposits and flap collapses are chronic findings. Moderate cardiomegaly is also long-lived. Lungs are very clear and there is no pulmonary oedema. Transvenous right- and left-ventricular temporal and right-ventricular temporal defibrillator spins are unchanged since __ the replacement of the previous left ventricular lead and the insertion of a new atrium in the right-hand atricular are shown.', 'Findings: There is no pneumothorax. Left-side pacemaker has three ducts, one in the right atrium, one in the right ventricle and the last in the coronary sinus. Left-side jugular line is located at the junction of Brachiocephalic vein and superior vena cava. Right-side PICC line is still in the distal subclavian vein and ends in the upper SVC. Bibasilar consolidation, which is probably Atelectasis unchanged. Moderate cardiomegaly is stable. The stomach is extended than previous exam. Conclusion: 1. There is no pneumothorax. 2. Right-side PICC line is still in the subclavian vein loop. 3. Unchanged bibasilar consolidation. This was discussed with the medical team. Impression:', 'Findings: Impression: no acute cardiopulmonary process.', 'Results: Impression:', 'Findings: The patient received an additional cardiac pacemaker lead, compared to the previous X-ray. There is no evidence of a right pneumothorax and no evidence of a right-hand mediastinal enlargement. At the right-hand lung bases an area of the atelectase remains unchanged, compared to the previous X-ray. No pleural effusion. Moderate heartbeat without evidence of acute pulmonary oedema. Impression:', 'Findings: Left-sided AICD device with ends in the regions of the right atrium, right ventricular and coronary sine, unchanged. Severe cardiomegaly is recovered. Mediastinal and hilar contours are unchanged. No pulmonary oedema is detected. There is no focus consolidation, pleural effusion or pneumothorax present. Atelectasis is noted in both lung bases. There are no acute ossetous anomalies. Impression: Severe cardiomegaly without heart failure or pneumonia.', 'Findings: Frontal and lateral view of the chest have been achieved. Three-line left AICD is similar in position. No large pleural effusion can be seen. The cardiac silhouette remains greater. The aorta is calved and brittle. Right infrahular clouding may refer to atelectasis and overlaps of vascular structures, but consolidation is not completely excluded in the corresponding clinical setting; however, the appearance is similar to the scout radiograph and chest CT from __. No pneumothorax. Impression:', 'Results: Impression: Compared to the examination of ___, the monitoring and support devices remain unchanged. Swan whole catheter again extends far into the left lung artery system. Sustained broadening of cardiac silhouette without noticeable vascular loss, a discrepancy that increases the possibility of cardiomyopathy. No acute focus pneumonia.', 'Findings: Compared to the previous radiograph there is no significant change. Moderate cardiomegaly with moderate pulmonary oedema. The areas with increasing density on the right lung base are minimally progressive. No new parenchymal opacities. No pneumothorax. Impression:', 'Results: There are no significant interval changes compared to the previous study: severe cardiomegaly, pacemaker, volume loss at the bases and no open pulmonary oedema. Impression: No change.', 'Results: Impression: Compared to thorax radiographs ___ by ___. There is no pulmonary oedema. Pleural effusions are small, if at all. No pneumothorax. Serious cardiomegaly is chronic.', 'Findings: Compared with the breast radiograph of ___, there are only minor overall changes. Swans-whole catheter, ETT and esophageal drainage tubes are used unchanged in standard positions. Left heart step/defibrillator with transvenous right atrial fibrillation, right ventricular and coronary sinus/left ventriculanes leads in unchanged position. Right basilar atelectasis has worsened. Left retrocardial turbidity minimally changed and probably reflects a combination of pleural effusion and atelectasis. There is no pneumothorax. There is no vascular or pulmonary edema. Impression: 1. No signs of vascular decompensation. 2. Shrinking of right basalatelekasis.', 'Findings: In comparison to the previous X-ray, gastric deformation has declined. Unchanged low lung volumes with areas of the atelectasis at the lungs bases are unchanged. The ECG cables, pacemaker wires and the right PICC line are constant. Unchanged moderate cardiomegaly. No new parenchymal turbidity in the ventilated lung zones. No pneumothorax. Impression:', 'Findings: The lungs are slightly low-volume, without focal consolidation, pleural effusion or pneumothorax. The heart is stabilized with 3 lead pacemakers/defibrillator notice. No pleural effusion or pneumothorax is seen. Bilateral lateral pleural thickening is noted, unchanged since ___. Impression: Unchanged examination without acute intrathoracic process.', 'Results: Impression: Reinforced by RADIOGRAPHIA ___DROUGH ___:44. CORRECTLY SET GREEN, NOW DISCOVER NOW IN THE next SVC. No further interim change, all carliomegaly, SMALL PLEURAL EFFUSIONS, no PULMONARY EDITION. NO PNEUMOTORAX. LANG-STANDING TRANSVENOVER AND EPICARDIAL PACER SOLUTIONS WITHOUT YOUR RESPECTIVE POSITIONS.', 'Findings: Compared to the previous picture, there is minimal improved ventilation on the left and right lung base. Plate-like atelectase at the height of the left sip. Normal size of cardiac silhouette. No signs of pneumothorax. Impression:', 'Results: Impression: Compared to ___. The patient has been extubised and the nasogaster tube has been removed. Moderate cardiomegaly continues. The pacemaker is in a stable position. Also stable is the left-sided Swan whole catheter. No pulmonary oedema, minimum atelectase on the right lung basis is stable.']",1,53,317.96,18.13084112149533,274.12,27.19626168224299,3.14,9.065384615384616,95.44827586206895,2.061467889908257,108.21111111111112,21.916666666666668,4.291666666666667,2.139,4.581818181818182,3.962931034482759,136.9051724137931,52.3211009174312,41.07377049180328,12.45625,1.770212765957447,24.48196721311476,30.262295081967213,80.40983606557377,251.40625,19.370212765957447,52.15272727272728,20.757377049180327,5.158196721311475,11.365573770491803,10.708333333333334,60.73611111111112,0
C:\Users\Shreni\OneDrive\Desktop\B.Tech-Project\dataset-cxr\official_data_iccv_final\files\p10\p10023239\s51024811\a32e7ab9-e55d9fcc-7ebf53ed-e6891d60-18d66aaa.jpg,"['Findings: The right basilars are characterized by subtle opacity and lack of visualisation of the right heart border, which is spread on the lateral side over the cardio-silouette. elsewhere, the lungs are clear. The cardiomediastinal silhouette is normal, there are no acute ossetary changes identified. Impression: Loss of the right heart boundary with subtle increase in the right lower lung opacity, which could represent a right mid-lop pneumonia.']",0,29,41.4,16.054054054054053,30.6,19.18918918918919,0.39,8.906896551724138,100.29729729729728,1.0,198.4375,12.6,0.8,1.929166666666667,2.391304347826087,4.22972972972973,134.67567567567568,15.13888888888889,34.635714285714286,11.64074074074074,1.15,29.35555555555556,33.67407407407408,87.22222222222223,216.1851851851852,12.65,28.5,13.04074074074074,3.967037037037037,8.45185185185185,12.1,41.13809523809524,0
C:\Users\Shreni\OneDrive\Desktop\B.Tech-Project\dataset-cxr\official_data_iccv_final\files\p10\p10025463\s50720412\28f06592-28cd168d-c4845bb6-0d29f6d9-1e447930.jpg,"['The endotracheal tube ends about 2.7 cm above the level of the carina. It is an enteric tube located below the height of the diaphragm, an inferior aspect which is not included in the picture, but lies on the upper left quadrant at the expected position of the stomach. There is left fundamental clouding, the combination of pleural effusion and atelectasis, or the underlying consolidation due to aspiration or contusion. Additional left perihilar opacity is to be seen, which can relate also to aspiration, asymmetric lung oedema or infection. There is a slight dulling of the right cosophrenic angle and a trace pleural effusion can be present. The cardiac and mediastinal silhouettes are highly stable. The higher mediastinum remains somewhat more significant, since, compared to this earlier study and findings, are probably accentuated by a supine position in the AP technique.']",1,66,36.0,14.25,41.0,26.75,1.1017386294239206,8.55,103.14285714285714,0.92,123.0,27.598999993975077,0.8639044073641314,1.85,2.6500000000000004,3.857142857142857,139.0,20.8,42.375,14.575,2.3000000000000003,31.875,34.45,92.75,190.0,24.866666666666664,30.0,13.2,4.5675,8.225,11.061593808524938,49.62004735125374,1
C:\Users\Shreni\OneDrive\Desktop\B.Tech-Project\dataset-cxr\official_data_iccv_final\files\p10\p10026255\s50356590\14bcdce8-dc48e936-8ff527be-3187fcc0-ae7b2c21.jpg,"['Findings: Compared to the previous X-ray, the patient is less rotated. There is no indication of the presence of a right pneumothorax. Mild atelectase in retrocardial lung area. Known media masses. Impression:', 'Findings: Compared with the thoracic X-ray image of ___ there is an increase in opacity on the left base with slightly less turbidity on the right. Although much of this is probably Atelectasis, there is a more consolidated aspect which agrees with the left subfold pneumonia that is seen in the CT scan of ___. Otherwise little change. Impression:', 'Findings: Compared to the previous x-ray image, the current image rotates to the left. As a result, the right hemithorax is more visible than before. However, no abnormal contours are detected. Borderline size of the cardiac silhouette with tortuosity of the thoracic aorta. No evidence of pneumonia, greater pleural effusions or pulmonary oedema. Vertebral fixation devices are in permanent position. Impression:', 'Findings: Compared to the previous radiograph the right pigtail catheter has been removed. The turbidity of the lung bases is constant. There is no greater pneumothorax and no evidence of the right pneumothorax. Unchanged appearance of the heart silhouette. Unchanged vertebral stabilization elements. No new parenchymal abnormality of the lungs. Impression:', 'Findings: The right Pleura catheter remains in position. The right Apical Pneumothorax is almost dissolved. Heart size, medial and hipar contours are normal. Heterogeneous turbidities at the lung bases are shown again, with a slight deterioration in the left lower lobes. Acute right rib fractures are visualized again. Impression:', 'Findings: No relevant change in mass appearance, the exact extent of the mass are documented at ___ during the CT test. No other relevant changes. Impression:', 'Finds: Linear turbidity projected over the front right seventh rib may refer to the rib edge. There is no definitive focus to be seen. There is no pleural effusion or pneumothorax. The aorta is easily fatigued and calcified. The cardiac silhouette is not enlarged. Metallic surgical hardware is partially shown in the cervical spine. Indications of underlying pulmonary emphysema are seen. Impression: no acute cardiopulmonary process.', 'Results: Cardiomediastinal and Hilar contours unchanged from ___. No focal solidification, pleural effusion or pneumothorax. Bilateral basilar atelectasia unchanged from ___. rib fractures on the bottom right are noted again. Impression: No focal solidification. Unchanged bilateral basal atelectasia.', 'Results: The right pigtail pleuracatheter stays in place, with a small right apical pneumothorax that has slightly decreased in size since the most recent study. Heart size remains normal. Aggravating heterogenous turbidities on the lung bases that may arise due to Atelectasis, aspiration and/or contusion of known right-lower rib fractures. Impression:', 'Findings: The clinical condition of the patient required an examination in a seated semi-upright position using AP-frontal and left-side view. Comparing with the following similar breast examination of ___. The pigtail and right-side pleural drainage catheter had been removed from __ prior to the previous examination. As a result, the status of the patient is unchanged during the last one-day examination interval. Again, there is no indication of pneumothorax in the apical range. No new pulmonary parenchymalinfiltrates are observed and the bilateral basal linear densities of the atelectases remain quite unchanged. Impression: No pneumothorax.', 'Findings: There is a medium-large right pneumothorax without a significant stress component The large clouding of the right lung base probably reflects the bronchopacular tension and the resulting pulmonary collapse. On the left side there are small bilateral pleural castings that are hyperexpanded by flattening of the diaphragm compatible with COPD. The pulmonary vasculature is not exacerbated. The cardiac silhouette is normal in size. The medial and hilar contours lie within the normal limits. There are minimally suppressed fractures of the ___ anterolateral, ___ posterolateral and __ anterolateral ribs. Multi-stage degenerative changes can be observed in the thoracic spine. Impression: 1. Moderately large right pneumothorax without a significant stress component. 2. Minimum displaced right rib fractures of the ___ anterolateral, __ posterolateral and posteroidal ribs.', 'Results: The radiograph today, better than before, shows the presence of a right upper mediastinal tumor, leading to a right mediastinal contour irregularity and an unusually dense mediastinal tumor of the patient. On the current picture, the pulmonary parenchyme is unobtrusive. No pleural effusions. No pulmonary oedema. No lung nodes or masses. No pleural effusions, no pneumothorax. Impression:']",1,66,41.57142857142857,14.785714285714286,37.285714285714285,28.857142857142858,0.4428571428571429,9.454545454545457,99.8,0.6333333333333333,95.78571428571428,27.598999993975077,0.8639044073641314,1.781818181818182,2.636363636363636,4.513333333333334,139.06666666666666,16.571428571428573,38.892857142857146,12.657142857142857,1.2111111111111112,31.557142857142857,32.5,97.14285714285714,437.07142857142856,13.122222222222222,52.65,13.014285714285714,3.9957142857142856,10.335714285714284,11.061593808524938,49.62004735125374,1
C:\Users\Shreni\OneDrive\Desktop\B.Tech-Project\dataset-cxr\official_data_iccv_final\files\p10\p10026354\s54886258\aaa965bf-5bae5107-eea82048-c3933e28-84b644c9.jpg,"['This is a portable half-supine chest image ___ 11:30. Impression: Endotracheal tube has its tip about 3.5 cm above the carina. With the tip in proximal SVC is a right inner jugular insertion apparatus present. A nasogaster tube is seen below the diaphragm coursing, whereby the tip is not identified. Lung is slightly low volume, but no focal airspace consolidation is seen to propose pneumonia. No pulmonary oedema or pleural effusion. No pneumothorax, although the sensitivity to detect pneumothorax is reduced in semi-supine technique.', 'Results: Lung: Remarkable new right side consolidation is present, with the majority of the right lower lobe. Left parahilar infiltrate is also present. Pleura: There is no pleural effusion. Mediastinum: No mediastinal mass is seen in this AP test. Heart: The heart is not enlarged. Osseous structures: The ossene structures are normal for age. Additional findings: The endotracheal tube is removed Impression: Extensive right bottom lobe infiltrate probably due to aspiration. There is probably also a small left perihilar infiltrate.']",1,34,88.81019861854519,16.0,125.09200924137008,23.166666666666668,1.1017386294239206,8.316666666666666,101.83333333333331,1.0,116.33333333333331,27.598999993975077,0.8639044073641314,1.8333333333333333,2.333333333333333,4.283333333333333,136.66666666666666,13.857142857142858,40.144444444444446,13.357142857142858,0.95,32.028571428571425,33.47142857142857,95.85714285714286,214.8571428571429,10.4,25.15,13.257142857142856,4.1657142857142855,12.114285714285714,11.061593808524938,46.52857142857143,1
C:\Users\Shreni\OneDrive\Desktop\B.Tech-Project\dataset-cxr\official_data_iccv_final\files\p10\p10027602\s51580408\2fbb4000-3ca799d8-f3d12f07-7b7992d9-97bcbfd4.jpg,"['Findings: Impression: Small scar-like left flap lesion is covered by the chest cage and cannot be evaluated for subtle changes with conventional X-rays. . Pulmonaries elsewhere are clear. Pleural rejection is not present. Cardiac size normal.', 'Results: Endotracheal tube ends approximately 2.6 cm above the level of the Karina. A intestinal tube leads below the level of the diaphragm, inferior aspect is not included in this study, but probably leads at least into the stomach. The lungs are clear without focusing. No big pleural effusion. There is no indication of Pneumothorax. The heart and mediastinum silhouettes are unnoticed. Impression: Endotracheal tube ends approximately 2.6 cm above the level of the Carina. An intestinal tube courses below the level of the diaphragm pathway, inferior aspect not included in this study, but probably courses at least in the stomach. Clear lungs.', 'Results: Impression: ET tubes in standard position 3.4 cm above the Karina. NG tube tip is in the stomach. Cardiomediastinal contours are normal. The lungs are rough clear. There is no pneumothorax. If even a small right effusion is present. Left subclavian catheter tip is located in the cavoatory junction/upper right atrium, unchanged', 'Findings: The new right IJ central venous catheter ends at the cavoatrium compound. There is no pneumothorax. There is a slight increase in density at both lung bases, which is probably due to Atelectasis, but could be due to pneumonia in the right clinical environment.There is neither pleural or pulmonary oedema. The cardiomediastinal silhouette is within normal limits. Impression: 1. The new right IJ central venous catheter ends at the cavoatrium compound. 2. Minimal bibasial densities, probably Atelectasis.', 'Finds: Impression: ET tube in standard placement. Sharp definition of cuff as clues pooling secretions over it. Nasogatric tube ends in the stomach, left subclavian line ends in top right atrium, both unchanged. Right lung clear. There are some anomalies at the underside of the left lung behind the heart, either consolidation or a small pleural collection. Right lung is clear. Pleural effusion on the right side is small, if at all. No pneumothorax.', 'Results: Impression: Lungs essentially clear. Heart size above normal. No pleural anomalies or indications of central adenopathy. Nasogastric tube goes into the unstressed stomach and from sight. Left subclavian line ends in the upper right atrium. No pneumothorax or significant pleural effusion.', 'Results: Impression: A Nasogastric tube ends in the abdomen. The heart size is normal. The hilaric and mediastinal contours are within normal limits. Mild atherosclerotic calcifications are seen within the aortic arch. There is no pneumothorax, no consolidation or pleural effusion.', 'Findings: Impression: The tip of the endotracheal tube is 4.8 cm above the Carina, to be affixed accordingly. There is a left-side middle vein line with distal tip in the cavotrial junction. Lungs are clearly clear without focussing, pleural effusion or pneumothoraces. There is no pulmonary oedema. Heart size and medial structures lie within normal limits. Bony structures are intact.', 'Finds: interval removal of the esophagus. Heart size is normal. The mediastinal and elliptical contours are normal. The lung vasculature is normal. No focus, pleural effusion or pneumothorax. No fractures. Impression: No fractures or acute cardiopulmonary anomalies.If clinical symptoms persist, a special series of ribs is recommended because this technique has a higher sensitivity.', 'Findings: Impression: Heart size is top normal. Bibasilar Atelectasis have increased. If there are small stable bilateral Pleuraerguss, ET tube is in standard position. Left subclavian catheter is at the cavorial site. The NG pipe tip is in the stomach. There is no pneumothorax.', 'Results: Impression: No relevant change compared to previous examination. Normal lung volumes. Unchanged monitoring and support devices no pneumothorax. No lung oedema. No pleural effusions.']",0,71,88.81019861854519,13.142857142857142,125.09200924137008,25.952380952380956,1.1017386294239206,8.378947368421052,103.1904761904762,0.5739130434782609,137.23809523809524,27.598999993975077,0.8639044073641314,2.0894736842105264,2.942105263157895,3.685714285714286,138.52380952380952,12.5,33.01363636363636,10.96818181818182,1.0666666666666669,30.422727272727272,33.24545454545454,91.63636363636364,297.3478260869565,11.7,25.2,14.354545454545455,3.608636363636364,12.636363636363637,11.061593808524938,49.62004735125374,1
C:\Users\Shreni\OneDrive\Desktop\B.Tech-Project\dataset-cxr\official_data_iccv_final\files\p10\p10029291\s50907647\ae317f1f-fe3382ba-752a3210-f46624a8-deafc781.jpg,"['Results: Impression : Since a radiograph of today, a Dobhoff tube has been replaced by a tip that ends in the proximal stomach. Investigation is otherwise remarkable for the deterioration of the pulmonary oedema associated with an increase in the size of the right pleural effusion. Left pleural effusion and neighboring left sublobe atelectase have improved.', 'Findings: Portable breast radix ___ delivered at 08:33. Impression: Endotracheal tube has its tip 3.6 cm above the cardinal. A nasogastral tube is not identified under the diaphragm with the tip. Stable prominent pulmonary artery that could be related to the known pulmonary embolism or the underlying pulmonary arterial hypertension. Clinical correlation is recommended. Overall, cardiac and mediastinal contours are unchanged. The azygose vein is extended, which goes back to a liquid state and there is probably a slight interstitial and perihilar oedema. No apparent pneumothorax. No major pleasures.', 'Findings: The tip of the ET tube is located at the thoracic inlet 5.2 cm above the Karina. An enteric test tube is loosened beneath the diaphragm, but the tip is not identified. There is no focusable clinging. There is a dilatation of the main and left pulmonary artery. The cardiac silhouette lies within normal limits. Mild perihilar vascular prominence without open pulmonary oedema. No large pleural effusion or pneumothorax is observed. Impression: 1. The tip of the ET tube is 5.2 cm above the Karina at the thoracic inlet. 2. Dilatation of the main and left pulmonary artery possibly in connection with known pulmonary embolism or underlying pulmonary arterial hypertension. A clinical correlation is recommended.', 'Results: Portable half-rectal breast radiograph ___ at 07:54. Impression: Bilateral internal jugular centerlines and feeding tubes remain in position although the tip of the feeding tube is not identified on the current study. Heart and mediastinal contours are stable. Deteriorating mild perihilar and interstitial oedema. Increase in retrocardial consolidation in setting a layer effusion reflects probably compressive atelectasis, although pneumonia should also be considered. No obvious pneumothorax.', 'Findings: Impression: Compared to previous x-ray images of ___, a food tube is placed, with the tip ending in the proximal stomach. The breast expression is otherwise unchanged since the most recent study.', 'Findings: Impression: Compared to the previous study of this date, the tip of the nasogastral tube extends to the distal stomach.', 'Findings: Impression: Right internal jugular line will be. . Are old cured preliminary study.', 'Results: Impression: Compared with previous X-rays from 1 day before, the lung volumes are slightly increased with improved ventilation at both bases. No other relevant changes.', 'Results: Impression: Comparison ___. No relevant change. Surveillance and support devices are stable. Mild cardiomegaly. Light atelectase at left lung bases. No larger pleural effusions. No focal parenchymal turbidities.', 'Finds: Impression: ET tube is in standard position. Right IJ catheter tip is located in the lower SVC. NG tube tip is out of sight below the diaphragm side. Heart size is normal. Opacity in the right foot and right apex are unchanged. There is no pneumothorax. This probably small right excitation. Faint opacity in the left base are unchanged.', 'Results: Impression: Since the first radiograph of 1 day before, the patient has been covered out and the left lower lamb atelectasis has developed. Cardioomegaly is accompanied by a pulmonary vessel lather and its edema worsens, with a slight rise in small bilateral pleural effluents, on the left larger than on the right. No other relevant changes.', ""Tests: The feed tube has been developed with the tip of the stomach's body. Correct IJ catheter has been removed. Retrocardial turbidity has improved considerably, the atelectase is probably dissolved. Small left effusion or pleural thickening is suspected. The lungs are otherwise clear. The heart size is normal. No pneumothorax. Impression: Feed tube in the body of the stomach can be at least 5 cm advanced."", 'Findings: The top of a new left inner jugular central venous line is located in the middle to low SVC. The tip of a right inner jugular venous centre line is seen in the middle to low SVC. The endotracheal tube is placed accordingly. Otherwise, no interval change. No pneumothorax. Impression: 1. The top of a new left inner jugular median venous line is located in the middle to low SVC. No pneumothorax. Otherwise, no interval change.']",0,50,2557.6428571428573,19.085714285714285,2516.8571428571427,22.914285714285715,0.9571428571428572,8.76,106.16216216216216,3.4257142857142857,176.62857142857143,27.598999993975077,0.8639044073641314,2.08,5.411428571428572,4.005405405405405,144.0810810810811,41.08571428571429,35.71818181818182,11.604545454545455,2.3363636363636364,30.44090909090909,32.54090909090909,93.63636363636364,275.6818181818182,25.827272727272724,70.20869565217392,15.05909090909091,3.812727272727273,11.331818181818182,11.061593808524938,50.81363636363637,0
C:\Users\Shreni\OneDrive\Desktop\B.Tech-Project\dataset-cxr\official_data_iccv_final\files\p10\p10035631\s50214252\9d60dffc-f13ede2b-c5d87d49-fef90f52-b9f2f656.jpg,"['Results: Impression: Compared to the previous picture the patient is bronchoscopy. There is no evidence of pneumothorax. Widely distributed parenchymal turbidities on both sides are unchanged in scale and seriousness. Unchanged size of cardiac silhouette.', 'Observations: In the right lung there is a small consolidation of the right lung which most closely coincides with atelectosis at the base of the right upper lobe. More medial opacity in the right lung is not noticeable, although the comparison is difficult. The cardiomediastinal silhouette and hallar contours are normal. The pleural surfaces are clear without effusion or pneumothorax. Impression: Small consolidation at the base of the right upper lobe, which could represent pneumonia or Atlectas. These findings have been included in the Critical Results Dashboard by Dr. ___ __ at 16:55.', 'Findings: Multifocal bilateral, heterogeneous pulmonary opacities are evidenced again, which were also evaluated on the most recent CT dating ___. Compared to CT there is an apparent interval deterioration of opacity especially in the right upper lobe, right central lobe and lingula. The opacities have a peribronchovascular predominance with a smaller subpleural distribution. Related bronchial dilatation can reflect traction bronchial or potentially reversible bronchial dilation. There is no significant pleural effusion or pneumothorax. Cardiomediastinal silhouette is within normal limits. Impression: Interval worsening of the multifocal pulmonary opacity since ____. Diagnostic considerations include progression of suspected cryptogenic organizing pneumonia, or superimposed acute infectious pneumonia. NOTIFICATION: Findings for _____ 12:10PM, the time of discovery.', 'Investigations: The individual view of the chest of AP has been achieved in a sitting semi-right position. The analysis is in direct comparison with the following previous, similar examination of ___. In a single examination with AP-view, the breast size is unchanged and lies within normal limits. The pulmonary vasculature is not overloaded. No evidence of acute neuinfiltrates compared to the previous study results in 4 days before. No evidence for pleural effusion since the lateral pleural sinuses are free. A previously existing inner jugular access to the central venous line has been removed. There are no indications of pneumothorax in the apical range. Impression: No signs of pneumonia.', 'Results: Impression: Heart size and mediastinum are stable. After the correct lung biopsy, no interval development of pneumothorax is detected. Multifocal opacities are detected. In the meantime, no pleural effusion has developed.', 'Findings: no previous images. The heart is within normal limits. There are no signs of vascular constipation or pleural effusion. Especially no evidence of an acute firing pneumonia. Right IJ catheter tip spreads to the lower part of the SVC. Impression:', 'Findings: are better assessed with dedicated CT imaging. Impression: Compared to the previous study, heart size and mediastinal are stable. There is a slight interval improvement in the right center and lower lungs turbidity an overall unchanged appearance of the left middle and lower lobes. Upper lungs are clear. No pleura effusion or pneumothorax can be seen. There is also the possibility of interval both development of lower lobby fibrosis changes the recovery of the respiratory tract and vessels, although the findings are rated better with dedicated CT imaging.', 'Results: impression: Compared to the previous X-ray, lung volumes have increased considerably. The bilateral parentchymal opacities, multifocal distribution and predominance in the central and lower lung regions, have decreased slightly to extent and severity. No new opacities are visualized. No pleural casts. Normal size of cardiac silhouette.', ""Findings: Although they potentially represent an infection process, other etiologies such as cryptogenic organization of pneumonia or drug reactions may be necessary. Based on the patient's history, an additional assessment with the CT in the breast is necessary. There is no pneumothorax. There is no evidence of pulmonary oedema: heart size and mediastinum are stable. Multifocals mainly mediating and low-latting opacities are present on both PA and side view, with some peripheral and basal disposition states. There is no noticeable pleural effusion. There is no pneumothorax. The findings, although potentially infective processes are possible, may represent other etiologies, e.g. cryptogenic organization of pneumonia or drug reactions. Giving the patient's course, a further assessment with the CT in the breast is required. There is no pneumothorax. There is no indication of a pulmonary oedema.""]",1,63,46.76847290640394,13.64864864864865,41.95566502463054,25.463963963963963,0.5484848484848485,8.750442477876106,101.80616740088104,1.2090128755364806,132.03703703703704,12.926829268292684,1.195121951219512,2.0706976744186045,3.562666666666667,4.294067796610169,136.51982378854626,24.668181818181814,31.31991150442478,10.691555555555556,1.2205128205128206,32.54355555555556,34.22577777777778,95.23555555555556,146.8617886178862,13.233333333333334,27.054794520547944,15.650222222222222,3.272533333333333,6.174222222222222,27.03252032520325,50.17065217391304,1
C:\Users\Shreni\OneDrive\Desktop\B.Tech-Project\dataset-cxr\official_data_iccv_final\files\p10\p10037928\s50317115\bad3cb8e-719e210b-dc584670-d96dee1b-7dc9ba43.jpg,"['Findings: The lungs are clear.The heart-, hilar- and medial contours are normal.No pleural anomalies are seen.Development of previous vertebroplasty. Impression: No acute cardiopulmonary process.', 'Results: Impression: No relevant change. No pneumonia. No lung oedema. Normal size of the cardiac silhouette. No pleural exfuses. The lateral radiograph reveals a status post-vertebroplasty.', 'Results: Front and side views of the chest have been achieved. Lung are clear without conjunctural consolidation. No pleural effusion or pneumothorax can be seen. Cardial and mediastinal silhouettes are unobtrusive.The patient is status according to vertebroplasty/kyphoplasty on the lower pectoral spine. Impression: No acute cardiopulmonary process.', 'Findings: The lungs appear clear with normal lung volumes. No signs of pleural effusion or pneumothorax. The cardiomediastinal silhouette is normal. No Hilar or vasculature anomalies are identified. Lateral radiographs show that the patient is condition after vertebroplasty. Impression: 1. Post vertebroplasty. Otherwise, normal breast radiograph', 'Results: Impression: There is no relevant change compared to the previous X-ray. Lung volumes remain normal. Normal structure and transparency of pulmonary parenchyma. No pneumonia, no pulmonary oedema. No pleural effusions. Normal size of cardiac silhouette.', 'Results: Impression: Cardiomediastinal silhouette is normal. There are no signs of focal consolidation or open pulmonary oedema. There are no pleural exfuses or Pneumothoraxes.', 'Findings: Heart, mediastinum, and hilarcontures are within normal limits. Pulmonary vessels are normal. Lungs are clear. No focal consolidation, pleural effusion or pneumothorax is visualized. There is evidence of previous Kyphoplasty of T11. Impression: No acute cardiopulmonary abnormality.', 'Findings: AP-portable upright view of the chest. There is no focus, infusion or pneumothorax. The cardiomediastinal silhouette is normal. Imaged osseous structures are intact. Celebrity costochondral calcification projects about the right lung base. Impression: No acute intrathoracic process', 'Determining: PA and side view of chest provided. There is no focal consolidation, effusion or pneumothorax. The cardiomediastinal silhouette is normal. Imaged osseous structures are intact. Vertebroplasty cement is detected within a lower thoracic vertebrae, unchanged. No free air below the right hemidiophragm can be seen. Impression: No acute intrathoracic process.', 'Findings: The cardiac, mediastinal and hilarious contours are normal. Pulmonary vasculature is normal. Strong turbidity in lung bases is likely to reflect atelectasis and no focusing is shown. There is no pleural effusion or pneumothorax. There is evidence of an earlier vertebroplasty within a total body at the thoracolumbar crossing. Impression: Streaky bibasilare turbidity most likely reflecting the atelectasis.', 'Results: Portable frontal view of the chest. The lung volumes are low. No pleural effusion or pneumothorax. There are bibasilare atelectasis on the left side larger than right. Heart size is normal. Mediastinal and HIlar structures are not remarkable. The configuration of the trachea is unchanged compared to previous cross-sectional images. Impression: Low lung volumes without acute cardiopulmonary processes.']",0,78,22.09090909090909,15.58108108108108,33.54545454545455,24.97297297297297,0.4,8.880434782608695,100.73684210526316,1.3746666666666665,249.87692307692308,29.2,0.65,1.848936170212766,2.702127659574468,4.2328947368421055,137.96052631578948,23.706666666666667,36.41176470588236,11.934848484848484,0.990909090909091,30.022222222222226,32.44444444444444,92.36507936507935,302.6825396825397,10.78181818181818,25.416666666666668,14.67142857142857,3.962380952380952,9.43968253968254,13.05,45.873913043478254,0
C:\Users\Shreni\OneDrive\Desktop\B.Tech-Project\dataset-cxr\official_data_iccv_final\files\p10\p10038999\s50971552\1fa9e818-e87b1da0-a236c55f-2b940f25-eb8769bd.jpg,"['Findings: 1 portable view. Lung volume is low. There is a blurry increased density at the lung bases, which is probably pleural fluid. The retrocardial area is not well penetrated and there is a suggestion of air bronchograms in the lower right lung. The cardiac silhouette appears large although cardiac size can be exaggerated by technical factors. Mediastinal structures are otherwise imperceptible. An endotracheal tube is present and ends about 3 cm above the Karina. A nasogastral pipe is in place and closes far below the diaphragm, from the bottom of the image. Another radiopaque catheter is projected across the lower left chest, with its tip projected over the left hooves. Impression: Proof of bilateral pleuraeffusions and consolidation or atelectasia in the left lower area. Meaning heart silhouette. Repeated examination with a better inpiratory effort and side view would be helpful.', 'Results: Impression: Compared to the study of ___, the right sub-clavian PICC line was withdrawn so that the tip is located in the lower SVC. Other monitoring support devices are stable. Continued low pulmonary volumes underline the enlargement of the cardiac silhouette. Bilateral stratified pleural effusions with compressive basilar atelectase and a slight increase in pulmonary venous pressure.', 'Results: Impression: Enlargement of cardiomediastinal silhouette has improved. Slight vascular overload has improved. Small bilateral effusions have decreased. Left lower lobe atelectasis significantly improved. There is no apparent pneumothorax', 'The lower SVC ends with a right PICC. The endotracheal tube ends 3 cm above the Karina. In the stomach, an orogaster tube ends. The lung volumes are very low. Since the ___ examination, a central pulmonary vascular overload procedure with new mild oedema exists. Small pleural effusions, larger on the left, are unchanged. Right- and left-returned retrocardial turbidities are unchanged, probably atelectasis. Impression: 1. Central pulmonary vascular congestions with new mild oedema since the ___ examination. 2. The lung volumes remain low. Unchanged pleural effusions and bibasilary atelectasis.', 'Findings: ET and NG pipes have been removed. Right side PICC line overlaps proximal/mid SVC.No pneumothorax is detected. There are low inspirational volumes. Cardiomediastinal silhouette is similar to before. At the left side of the lung there is a blurred opacity and an increased retrocardial density, somewhat more pronounced. At the right underside of the lung there is a vascular displacement. Small effusions would be difficult to rule out. Impression: Low inspirative volume. Light increase in opacities at the left side of the lung.', 'Results: Impression: Comparison to ___. The tip of the endotracheal is 4 cm above the Karina. The pericardium drain has been removed. Low lung volumes are further reduced. Small bilateral pleural effusions become visible. Mild fluid overload, but no open pulmonary oedema.', 'Findings: Impression: Comparison to ___. There is a marked weakening of the pre-existing left pleural effusion from the thoracocentesis on the left. There is a minimal retrocardial atelectase, but the left lung parenchyme is better ventilated than on the previous picture. Improved ventilation is also noted on the right side. Stable position of the monitoring and supporting devices. Medium-heavy cardiomegaly continues to exist.', 'Results: Devices in good position. Drainage catheter in place. Left basilica compaction, similar. Increase cardiac silhouette, stable. Slight exacerbation of right basilica opacity. Small right pluory effusion, similar. Impression: Slight exacerbation of right basilica opacity. Stable left basilica consolidation', 'Findings: Impression: Compared to X-rays of the chest ___ by ___. Previous pulmonary venous constipation has happened, but moderate enlargement of cardiac silhouette remains, exaggerated by very low lung volumes. There is no mediastinal venous engorgation to suggest increased central venous pressure. Pleural effusions are probable, but not large. No pneumothorax.', 'Findings: ET tubes in situ with the tip just above the media tubes approx. 37 mm proximal to the carina. Right-sided PICC line in situ with the tip in the middle to distal SVC. No pneumothorax. NG tubes in situ, which is undersaw. Bilateral pulmonary vein occlusion. Left-hand sub-lobe atelectasis with a small associated effusion. Mild right-hand basalatelectasis with suspected small effusion time. Impression: No significant interval change.']",1,45,37.833333333333336,15.11111111111111,26.166666666666668,26.83333333333333,1.0166666666666666,8.1,100.16666666666669,0.7277777777777777,102.05555555555556,10.125,1.0416666666666667,2.15625,3.71875,4.255555555555556,138.05555555555554,18.77777777777778,29.65555555555555,9.166666666666666,1.4090909090909092,24.75,30.938888888888886,80.05555555555556,282.1666666666667,15.581818181818182,28.272727272727277,15.122222222222222,3.703333333333333,8.75,8.25,43.95,0
C:\Users\Shreni\OneDrive\Desktop\B.Tech-Project\dataset-cxr\official_data_iccv_final\files\p10\p10039708\s50766016\42f37c8f-de890e2e-d76b4ad4-f407f600-6dac7f9b.jpg,"['Results: Impression: Severe worldwide pulmonary consolidation has a perihilare distribution, unchanged since ___, but accompanied by increasing moderate right pleural effusion. Pulmonary oedema is the most likely explanation for most of this abnormality, cardiogenic or otherwise. Heart darkened. It was normal size on ___, probably larger now. Right PIC line ends in the low SVC. No pneumothorax.', 'Finds: The heart size is normal. The mediastinal and progenitor form are normal. The pulmonary vasculature is normal. Lungs are clear. No pleural effusion or pneumothorax is observed. There are no acute osus-like abnormalities. Chain seams are noted in the upper left quadrant of the abdomen. Impression: No acute cardiopulmonary abnormalities.', 'Results: Impression: The second image at 15:51 shows the course of the catheter inconspicuously. The tip is not included in the picture. The other monitoring and support devices are unchanged. Unchanged appearance of the parenchymal turbidity on both sides. Unchanged cardiac silhouette. No pneumothorax.', 'Results: Impression: Comparison with ___. Minimal improvement of massive centralized pulmonary oedema. Normal size of cardiac silhouette. No pleural discharge. No pneumothorax. The position of the right PICC line is stable.', 'Findings: Portable AP breast radiograph __ __ at 17 52. Impression: Intermediate placement of the Dobbhoff lining tube, the tip of which is projected over the expected location of the stomach. The right inner jugular central catheter and the right subclavial PICC line are unchanged in position. Overall, heart and mediastinal contours are stable. Minimal dulling of the two costophral angles probably reflects small effusions. Lung are coarsely clear. No pulmonary oedema or pneumothorax is estimated despite a decrease in sensitivity for the detection of pneumothorax in a supine technique.', 'FOURTH VERSION #1 ____________________________________________________________________________________________________________________________________________________________________________________________________________________________________________________________________________________', 'Finds: PA and side views of the chest provided. There is no focal consolidation, effusion, pneumothorax. The cardiomediastinal silhouette is normal. Pictured structures are intact. No free air underneath the right haemidiaphragm. Impression: No acute intrathoracic process.', 'Results: Impression: -ET tube closes 2.9 cm above the carina at a very appropriate location. -Enteric tube courses inferior to the distal tip projecting over the approximate position of the stomach body, with lateral port approximately 5.3 cm distal to the GE junction seen. -Unchanged occurrence of bilateral diffuse airspace clouding, except if the left lower lobe atelectasis may progress, which results in the left media shift a little more pronounced than in the previous study. -Right-side central venous line and PICC line are in unchanged position.', 'Results: Impression: Comparison to ___. The patient has been extubated. Other monitoring and support devices, including the feeding hose, are in unchanged position. The bilateral perihilar parenchymal turbidities as well as the normal-sized cardiac silhouette are unchanged.', 'Results: Impression: Comparison with ___. The patient was intubated. The endotracheal tube projects 4 cm above the carina. The other monitoring and holding devices are in a stable position. The size of the cardiac silhouette as well as the perihilar opacities, on the left more than on the right, are unchanged.', 'Results: Between the IVC filter and the armored tip of the transesophageal tube located in the middle of the stomach to the low stomach there is a 1.6 cm large radiopaque material, which has a capsule endoscopy with the corresponding prehistory. On the left major bore catheter ends a right atrium unchanged from the forehead. On the right PICC ends in medium to low SVC, unchanged from the forequarter. The lungs are well expanded and clear. No pleural abnormality is seen. The heart is normal in size. Mediastinal and hilarial contours are normal. Impressions: Capsular endoscopy projected over the center abdomen. Repeat the abdominal radiographs are recommended for passage. RECOMMENDATIONS: Repeat the abdominal radiograms for documentation. NOTIFIZATION: The result was discussed by Dr. ___ with Dr. __ on the _____ by 14:22, 5 minutes after discovery of the findings.', 'Findings: Impression: Compared to the study of ___, severe pulmonary turbidity can hardly be altered, most likely it is pulmonary oedema. In the relevant clinical environment, exaggerated pneumonia cannot be excluded.', 'Results: Impression: Comparison with ___. No relevant change. Preexisting perihelar opacities and left retrocardial atelectase are constant. No pleural effusions. No pneumothorax. Normal size of the heart.', '__________________________________________________________________________________________________________________________________________________________________________________________________________', 'Results: Impression: Compared to the ___ study, the monitoring and support devices are essentially unchanged. Diffuse bilateral lung impurities are seen again, whereby a pattern is best compatible with a substantial lung oedema. However, in the appropriate clinical environment it would be difficult to exclude the possibility of overlapping pneumonia, especially in the absence of a lateral view.', 'Finds: ETT in standard position with neck in extension. Right IJ catheter tip projects across the expected region of the medium low SVC. Right PICC line projects across the region at expected SVC-RA intersection. Enteric pipe and side port crosses the membrane in the left upper quadrant beyond the frame of this image. Bilateral perihilar opacities exist with mild peribronchiolar cuffs. No edema. No pleural grooves. Heart size is normal. No pneumothorax. Impression: Persistent bilateral airspace clouding.', 'Findings: Bilateral pulmonary oedema worsens. Heart height remains unchanged. Right PICC ends in the right atrium. Impression: Bilateral pulmonary oedema worsens.', 'Findings: Pulmonary volumes are unchanged compared to the previous study. There are persistent perihilar airspace depletions, compared to the previous study similar to their extent. Given the rapid development, this probably reflects pulmonary oedema. There is left lower lobe atelectricis. . No Pneumothorax seen. A right internal jugular catheter ends in distal SVC. Impression: Persistent bilateral predominant perihilar airspace depletions are likely to reflect pulmonary oedema. Superimposed infection cannot be ruled out.', 'Results: Impression: lining pipe and right-side central vein line are unchanged. Since the previous study, the ventilation of diffuse air spaces and the pulmonary oedema has been improved. Heart size is within standard limits. Pneumothoraze does not exist.', ""Finds: Impression: The severe bilateral perihilar pulmonary oedema hasn't improved. Pleural casts are suspected, but not large. Heart size normal. Feeding tube goes into the stomach and from the point of view. Right jugular and right PICC lines both end in the upper right atrium and need to be withdrawn 2.0 cm for repositioning in the low SVC if desired."", 'Findings: The Dobhoff tube was intermediately advanced in the left upper quadrants, its tip is now no longer visible. Another record crosses the diaphragm in the left upper quadrant, not even seen. Right IJ catheter peak projects across the expected region of the low SVC. Right PICC peak projects across the expected region of the SVC-RA crossing. Extensive, bilateral diffuse airspace impermeability persists. In the right lower temples a slight interval reduction is observed compared to ___. Otherwise no significant interval changes. No pleural effusion or pneumothorax. Heart size is normal. Impression: Persistent, extensive, bilateral diffuse airspace clouding with interval reduction in the right lower praises opacities.', 'Findings: Impression: There is an endotracheal tube, whose distal tip lies on 4 cm above the Karinal. The Dobbhoff tube and the central venous lines on the right remain unchanged in position. There are again diffuse opacities, which are stable. Heart size is within normal limits. There are small double-sided pleural effusions.', 'Results: The lungs are clear, the cardiomediastinal silhouette is within the normal range. No acute ossenanomalia. IVC filter is partially visualized. Impression: No acute cardiopulmonary process.', 'Results: Impression: ET tube tip is 4 cm above the carinal. After passage below the membrane crucible that ends in the stomach. Right of the PICC line lies in the level of the right atrium. Right of the inner jugular line tip is located on the level of the cavoatric junction. Heart size and mediastinum are stable. Interval improvement of the perihelar clouding is visible, but there are still left basal atelectasis.']",0,46,42.85714285714285,16.530864197530864,73.45238095238095,20.01851851851852,1.735632183908046,8.589051094890511,104.3048780487805,3.8633986928104576,118.14285714285714,37.25882352941176,1.6470588235294117,2.105755395683453,3.965217391304348,4.04390243902439,138.43030303030304,29.93421052631579,26.665497076023392,8.602352941176472,1.4124793388429753,32.44201183431952,32.31479289940828,100.72189349112426,121.21142857142856,15.39504132231405,53.22248062015504,19.04792899408284,2.659940828402367,9.167455621301777,8.729411764705882,66.82981366459627,0
C:\Users\Shreni\OneDrive\Desktop\B.Tech-Project\dataset-cxr\official_data_iccv_final\files\p10\p10040025\s56461316\3a21d420-a1912375-df229100-eee902c4-288bcf29.jpg,"['Results: Impression: No acute intrathoracic process.', 'Findings: The cardiac silhouette is slightly enlarged, stable since preliminary examination. The mediastinal contours are stable in preliminary examination. There is mild central pulmonary vascular constipation, slightly larger than pre-assessment. These findings are accompanied by interstitial edema with peribronchial cuff and several basilary septal lines. There is no definitive consolidation. There is no large pleural effusion or pneumothorax. Impression: CHF with mild interstitial edema.', 'Finds: The heart is mildly enlarged. Heart, mediastinal and hilaric contours seem stable. There is no pleural effusion or pneumothorax. The lungs appear clear. Impression: There is no evidence of acute cardiopulmonary disease.', 'Findings: The lungs are hyperinflated, but free of concentration, effusion or vessel congestion. Cardiomediastinal silhouette is within normal limits. No acute corsetous abnormalities are detected. Impression: Hyperinflation without acute cardiopulmonary process.']",0,64,12.0,17.4,14.0,26.141176470588235,0.35,8.531818181818181,95.85057471264368,2.1632183908045977,186.03658536585365,26.214285714285715,0.4,2.204109589041096,4.119402985074627,4.328089887640449,135.8735632183908,75.52873563218391,29.74875,9.355696202531648,1.943636363636364,29.97088607594937,31.50126582278481,95.25316455696202,252.025,21.29272727272727,36.84054054054054,16.965822784810126,3.1160759493670884,9.72025316455696,8.114285714285714,60.0515625,0
